antecedents,consequents,antecedent support,consequent support,support,confidence,lift,representativity,leverage,conviction,zhangs_metric,jaccard,certainty,kulczynski
frozenset({'S1'}),frozenset({'S0'}),0.68,0.6257142857142857,0.42857142857142855,0.630252100840336,1.007252215954875,1.0,0.0030857142857142472,1.012272727272727,0.02249999999999972,0.488599348534202,0.012123933542882579,0.6575918038448255
frozenset({'S0'}),frozenset({'S1'}),0.6257142857142857,0.68,0.42857142857142855,0.684931506849315,1.007252215954875,1.0,0.0030857142857142472,1.0156521739130433,0.019236641221373803,0.488599348534202,0.01541095890410932,0.6575918038448255
frozenset({'S0'}),frozenset({'S2'}),0.6257142857142857,0.6671428571428571,0.42428571428571427,0.678082191780822,1.0163972896072277,1.0,0.006844897959183693,1.0339817629179333,0.04310278356079895,0.4884868421052632,0.032864953847962966,0.6570282479246722
frozenset({'S2'}),frozenset({'S0'}),0.6671428571428571,0.6257142857142857,0.42428571428571427,0.6359743040685224,1.0163972896072277,1.0,0.006844897959183693,1.0281848739495798,0.04846750769497565,0.4884868421052632,0.027412262778495084,0.6570282479246722
frozenset({'S0'}),frozenset({'S8'}),0.6257142857142857,0.6528571428571428,0.4157142857142857,0.6643835616438356,1.017655346062768,1.0,0.007212244897959241,1.0343440233236152,0.04635240418666913,0.4817880794701987,0.033203675517222066,0.6505725248044123
frozenset({'S8'}),frozenset({'S0'}),0.6528571428571428,0.6257142857142857,0.4157142857142857,0.6367614879649891,1.017655346062768,1.0,0.007212244897959241,1.030413080895009,0.049976666242416916,0.4817880794701987,0.029515425860658032,0.6505725248044123
frozenset({'S0'}),frozenset({'S10'}),0.6257142857142857,0.6485714285714286,0.4114285714285714,0.6575342465753425,1.0138193229135237,1.0,0.005608163265306165,1.0261714285714287,0.03641857506361351,0.4768211920529802,0.02550395366967388,0.6459477400277593
frozenset({'S10'}),frozenset({'S0'}),0.6485714285714286,0.6257142857142857,0.4114285714285714,0.6343612334801761,1.0138193229135235,1.0,0.005608163265306165,1.0236488812392426,0.03878726287262903,0.4768211920529802,0.023102532198944023,0.6459477400277593
frozenset({'S13'}),frozenset({'S0'}),0.6642857142857143,0.6257142857142857,0.42714285714285716,0.6430107526881721,1.027642755437718,1.0,0.011489795918367407,1.048450946643718,0.08012524016224334,0.4950331125827815,0.04621193466305533,0.662829577257328
frozenset({'S0'}),frozenset({'S13'}),0.6257142857142857,0.6642857142857143,0.42714285714285716,0.6826484018264841,1.027642755437718,1.0,0.011489795918367407,1.0578622816032892,0.07186805892414956,0.4950331125827815,0.054697367142718736,0.662829577257328
frozenset({'S25'}),frozenset({'S0'}),0.6514285714285715,0.6257142857142857,0.41714285714285715,0.6403508771929824,1.023391812865497,1.0,0.009534693877551015,1.0406968641114984,0.06557377049180324,0.4850498338870432,0.039105397080487575,0.6535087719298246
frozenset({'S0'}),frozenset({'S25'}),0.6257142857142857,0.6514285714285715,0.41714285714285715,0.6666666666666667,1.023391812865497,1.0,0.009534693877551015,1.0457142857142858,0.061068702290076285,0.4850498338870432,0.04371584699453562,0.6535087719298246
frozenset({'S0'}),frozenset({'S32'}),0.6257142857142857,0.6085714285714285,0.38857142857142857,0.6210045662100457,1.0204300383733147,1.0,0.007779591836734712,1.0328055077452671,0.0534912438257747,0.4594594594594595,0.031763490317635173,0.6297511093961027
frozenset({'S32'}),frozenset({'S0'}),0.6085714285714285,0.6257142857142857,0.38857142857142857,0.6384976525821596,1.0204300383733145,1.0,0.007779591836734712,1.035361781076067,0.05114856161442691,0.4594594594594595,0.034154033616457136,0.6297511093961027
frozenset({'S0'}),frozenset({'S38'}),0.6257142857142857,0.62,0.38857142857142857,0.6210045662100457,1.001620268080719,1.0,0.0006285714285714783,1.0026506024096387,0.004321957790750229,0.4533333333333334,0.002643595289594061,0.623866338404562
frozenset({'S38'}),frozenset({'S0'}),0.62,0.6257142857142857,0.38857142857142857,0.6267281105990783,1.001620268080719,1.0,0.0006285714285714783,1.002716049382716,0.004256965944272783,0.4533333333333334,0.0027086924402856378,0.623866338404562
frozenset({'S39'}),frozenset({'S0'}),0.6857142857142857,0.6257142857142857,0.43,0.6270833333333333,1.00218797564688,1.0,0.000938775510204104,1.0036711891460497,0.006946541830262926,0.4878444084278768,0.003657760814249469,0.6571489726027397
frozenset({'S0'}),frozenset({'S39'}),0.6257142857142857,0.6857142857142857,0.43,0.6872146118721462,1.00218797564688,1.0,0.000938775510204104,1.0047966631908238,0.005832974055945968,0.4878444084278768,0.004773765047737774,0.6571489726027397
frozenset({'S42'}),frozenset({'S0'}),0.6771428571428572,0.6257142857142857,0.43142857142857144,0.6371308016877637,1.0182455734735951,1.0,0.007730612244898016,1.0314617940199338,0.05550020512219463,0.49508196721311476,0.030502141913872613,0.6633142592913704
frozenset({'S0'}),frozenset({'S42'}),0.6257142857142857,0.6771428571428572,0.43142857142857144,0.6894977168949772,1.018245573473595,1.0,0.007730612244898016,1.0397899159663866,0.047874222738992306,0.49508196721311476,0.03826726471895584,0.6633142592913704
frozenset({'S0'}),frozenset({'S43'}),0.6257142857142857,0.6514285714285715,0.4085714285714286,0.6529680365296804,1.0023632139710006,1.0,0.0009632653061224516,1.0044360902255638,0.006299044466983415,0.4703947368421053,0.004416498240886237,0.6400805094929103
frozenset({'S43'}),frozenset({'S0'}),0.6514285714285715,0.6257142857142857,0.4085714285714286,0.6271929824561403,1.0023632139710006,1.0,0.0009632653061224516,1.0039663865546218,0.006763728075203504,0.4703947368421053,0.003950716485871161,0.6400805094929103
frozenset({'S45'}),frozenset({'S0'}),0.6257142857142857,0.6257142857142857,0.39714285714285713,0.634703196347032,1.0143658389107817,1.0,0.005624489795918397,1.024607142857143,0.037838431544840664,0.46488294314381273,0.02401617344626878,0.634703196347032
frozenset({'S0'}),frozenset({'S45'}),0.6257142857142857,0.6257142857142857,0.39714285714285713,0.634703196347032,1.0143658389107817,1.0,0.005624489795918397,1.024607142857143,0.037838431544840664,0.46488294314381273,0.02401617344626878,0.634703196347032
frozenset({'S0'}),frozenset({'S46'}),0.6257142857142857,0.6457142857142857,0.40714285714285714,0.6506849315068494,1.0076979027760942,1.0,0.003110204081632706,1.0142296918767508,0.020409803133789015,0.4710743801652893,0.014030048608042635,0.6406079524790884
frozenset({'S46'}),frozenset({'S0'}),0.6457142857142857,0.6257142857142857,0.40714285714285714,0.6305309734513275,1.0076979027760942,1.0,0.003110204081632706,1.013036783575706,0.02156196943972872,0.4710743801652893,0.012869013037897944,0.6406079524790884
frozenset({'S0'}),frozenset({'S48'}),0.6257142857142857,0.6328571428571429,0.3985714285714286,0.6369863013698631,1.0065246297040726,1.0,0.0025836734693877594,1.0113746630727765,0.017319215300008236,0.4634551495016612,0.011246735248654301,0.6333915705494914
frozenset({'S48'}),frozenset({'S0'}),0.6328571428571429,0.6257142857142857,0.3985714285714286,0.6297968397291196,1.0065246297040724,1.0,0.0025836734693877594,1.0110278745644599,0.017656165014016182,0.4634551495016612,0.010907587062533393,0.6333915705494914
frozenset({'S0'}),frozenset({'S51'}),0.6257142857142857,0.61,0.3914285714285714,0.6255707762557078,1.0255258627142751,1.0,0.009742857142857164,1.0415853658536587,0.06650136513066265,0.4636209813874788,0.03992506732232768,0.6336284794627485
frozenset({'S51'}),frozenset({'S0'}),0.61,0.6257142857142857,0.3914285714285714,0.6416861826697892,1.025525862714275,1.0,0.009742857142857164,1.0445751633986928,0.06382182294591068,0.4636209813874788,0.0426730071330246,0.6336284794627485
frozenset({'S52'}),frozenset({'S0'}),0.6428571428571429,0.6257142857142857,0.40714285714285714,0.6333333333333333,1.0121765601217656,1.0,0.004897959183673473,1.0207792207792208,0.033684210526315816,0.47263681592039797,0.020356234096692155,0.6420091324200914
frozenset({'S0'}),frozenset({'S52'}),0.6257142857142857,0.6428571428571429,0.40714285714285714,0.6506849315068494,1.0121765601217656,1.0,0.004897959183673473,1.022408963585434,0.03214142225793493,0.47263681592039797,0.021917808219178082,0.6420091324200914
frozenset({'S0'}),frozenset({'S55'}),0.6257142857142857,0.6371428571428571,0.40714285714285714,0.6506849315068494,1.0212543768044722,1.0,0.008473469387755117,1.0387675070028013,0.05560466050622749,0.4757929883138564,0.037320677381080976,0.6448491922108238
frozenset({'S55'}),frozenset({'S0'}),0.6371428571428571,0.6257142857142857,0.40714285714285714,0.6390134529147983,1.0212543768044722,1.0,0.008473469387755117,1.0368411712511094,0.05735598839618741,0.4757929883138564,0.03553212610823978,0.6448491922108238
frozenset({'S57'}),frozenset({'S0'}),0.6557142857142857,0.6257142857142857,0.41285714285714287,0.6296296296296297,1.006257398951463,1.0,0.002567346938775583,1.0105714285714287,0.018061996582866027,0.4753289473684211,0.010460842521911403,0.6447234906139017
frozenset({'S0'}),frozenset({'S57'}),0.6257142857142857,0.6557142857142857,0.41285714285714287,0.6598173515981736,1.006257398951463,1.0,0.002567346938775583,1.0120613614573348,0.016614279299506533,0.4753289473684211,0.011917618749881776,0.6447234906139017
frozenset({'S1'}),frozenset({'S3'}),0.68,0.6228571428571429,0.4257142857142857,0.6260504201680672,1.00512682137075,1.0,0.002171428571428491,1.0085393258426965,0.015939597315435653,0.4853420195439739,0.008467023172905437,0.6547683293500887
frozenset({'S3'}),frozenset({'S1'}),0.6228571428571429,0.68,0.4257142857142857,0.6834862385321101,1.00512682137075,1.0,0.002171428571428491,1.011014492753623,0.013524506813096918,0.4853420195439739,0.010894495412843918,0.6547683293500887
frozenset({'S1'}),frozenset({'S5'}),0.68,0.6285714285714286,0.43857142857142856,0.6449579831932772,1.0260695187165774,1.0,0.011142857142857121,1.046153846153846,0.07939739413680767,0.5041050903119868,0.04411764705882337,0.671342627960275
frozenset({'S5'}),frozenset({'S1'}),0.6285714285714286,0.68,0.43857142857142856,0.6977272727272728,1.0260695187165776,1.0,0.011142857142857121,1.0586466165413533,0.06840390879478814,0.5041050903119868,0.0553977272727272,0.671342627960275
frozenset({'S1'}),frozenset({'S9'}),0.68,0.6528571428571428,0.45571428571428574,0.6701680672268907,1.0265156390783885,1.0,0.0117714285714286,1.052484076433121,0.08072100313479644,0.5195439739413682,0.04986686032437667,0.6840993509000974
frozenset({'S9'}),frozenset({'S1'}),0.6528571428571428,0.68,0.45571428571428574,0.6980306345733043,1.0265156390783885,1.0,0.0117714285714286,1.0597101449275366,0.07440948437117036,0.5195439739413682,0.05634573304157572,0.6840993509000974
frozenset({'S1'}),frozenset({'S11'}),0.68,0.6814285714285714,0.4642857142857143,0.6827731092436975,1.0019731162905414,1.0,0.0009142857142857008,1.0042384105960267,0.0061538461538460645,0.517515923566879,0.004220522289633536,0.6820574141606328
frozenset({'S11'}),frozenset({'S1'}),0.6814285714285714,0.68,0.4642857142857143,0.6813417190775682,1.0019731162905414,1.0,0.0009142857142857008,1.0042105263157897,0.006181441876509049,0.517515923566879,0.004192872117400604,0.6820574141606328
frozenset({'S1'}),frozenset({'S14'}),0.68,0.6342857142857142,0.4357142857142857,0.6407563025210083,1.0102013778484367,1.0,0.004400000000000015,1.0180116959064327,0.03155737704918044,0.49593495934959353,0.01769301470588235,0.6638466197289727
frozenset({'S14'}),frozenset({'S1'}),0.6342857142857142,0.68,0.4357142857142857,0.686936936936937,1.0102013778484367,1.0,0.004400000000000015,1.022158273381295,0.027612704918032877,0.49593495934959353,0.021677927927928057,0.6638466197289727
frozenset({'S1'}),frozenset({'S21'}),0.68,0.6471428571428571,0.45714285714285713,0.6722689075630252,1.0388261264770808,1.0,0.01708571428571426,1.0766666666666664,0.11679687499999984,0.5254515599343185,0.07120743034055714,0.68933533678372
frozenset({'S21'}),frozenset({'S1'}),0.6471428571428571,0.68,0.45714285714285713,0.706401766004415,1.0388261264770808,1.0,0.01708571428571426,1.0899248120300749,0.10592105263157878,0.5254515599343185,0.0825055187637966,0.68933533678372
frozenset({'S1'}),frozenset({'S22'}),0.68,0.67,0.46,0.676470588235294,1.0096575943810358,1.0,0.0043999999999999595,1.0199999999999996,0.029891304347825814,0.5168539325842696,0.019607843137254565,0.6815188762071993
frozenset({'S22'}),frozenset({'S1'}),0.67,0.68,0.46,0.6865671641791045,1.009657594381036,1.0,0.0043999999999999595,1.0209523809523808,0.02898550724637655,0.5168539325842696,0.02052238805970129,0.6815188762071993
frozenset({'S1'}),frozenset({'S42'}),0.68,0.6771428571428572,0.47,0.6911764705882352,1.0207247455944402,1.0,0.009542857142857075,1.0454421768707478,0.06344984802431566,0.5297906602254427,0.0434669442998434,0.6926346487962273
frozenset({'S42'}),frozenset({'S1'}),0.6771428571428572,0.68,0.47,0.6940928270042194,1.0207247455944402,1.0,0.009542857142857075,1.046068965517241,0.06288834494445447,0.5297906602254427,0.04404008438818539,0.6926346487962273
frozenset({'S1'}),frozenset({'S45'}),0.68,0.6257142857142857,0.42714285714285716,0.6281512605042017,1.003894708568359,1.0,0.001657142857142857,1.0065536723163844,0.012123745819397994,0.48617886178861797,0.006511001347103822,0.6553998311653428
frozenset({'S45'}),frozenset({'S1'}),0.6257142857142857,0.68,0.42714285714285716,0.6826484018264841,1.003894708568359,1.0,0.001657142857142857,1.0083453237410074,0.010365339937195229,0.48617886178861797,0.008276255707762721,0.6553998311653428
frozenset({'S1'}),frozenset({'S46'}),0.68,0.6457142857142857,0.44285714285714284,0.6512605042016806,1.008589276418532,1.0,0.0037714285714285367,1.015903614457831,0.026612903225806214,0.5016181229773463,0.015654648956356553,0.6685506060831412
frozenset({'S46'}),frozenset({'S1'}),0.6457142857142857,0.68,0.44285714285714284,0.6858407079646017,1.0085892764185318,1.0,0.0037714285714285367,1.0185915492957744,0.024037460978147542,0.5016181229773463,0.018252212389380244,0.6685506060831412
frozenset({'S1'}),frozenset({'S48'}),0.68,0.6328571428571429,0.4442857142857143,0.653361344537815,1.0323994157482403,1.0,0.01394285714285709,1.0591515151515147,0.09807073954983887,0.5115131578947368,0.05584802014190853,0.6776964736233093
frozenset({'S48'}),frozenset({'S1'}),0.6328571428571429,0.68,0.4442857142857143,0.7020316027088036,1.0323994157482406,1.0,0.01394285714285709,1.0739393939393937,0.08547799867378952,0.5115131578947368,0.06884875846501112,0.6776964736233093
frozenset({'S1'}),frozenset({'S51'}),0.68,0.61,0.41714285714285715,0.6134453781512604,1.0056481609037056,1.0,0.0023428571428571465,1.0089130434782607,0.01755136986301373,0.4779050736497545,0.008834302951949865,0.6486430637828902
frozenset({'S51'}),frozenset({'S1'}),0.61,0.68,0.41714285714285715,0.6838407494145199,1.0056481609037056,1.0,0.0023428571428571465,1.012148148148148,0.014401123990165108,0.4779050736497545,0.0120023419203745,0.6486430637828902
frozenset({'S1'}),frozenset({'S54'}),0.68,0.6442857142857142,0.44,0.6470588235294117,1.0043041606886656,1.0,0.0018857142857142684,1.0078571428571428,0.01339285714285702,0.49757673667205166,0.007795889440113304,0.6649928263988523
frozenset({'S54'}),frozenset({'S1'}),0.6442857142857142,0.68,0.44,0.6829268292682927,1.0043041606886658,1.0,0.0018857142857142684,1.0092307692307692,0.012048192771084223,0.49757673667205166,0.009146341463414644,0.6649928263988523
frozenset({'S1'}),frozenset({'S55'}),0.68,0.6371428571428571,0.4357142857142857,0.6407563025210083,1.0056713268266948,1.0,0.0024571428571428244,1.0100584795321637,0.0176229508196719,0.49432739059967584,0.00995831403427503,0.6623064023815805
frozenset({'S55'}),frozenset({'S1'}),0.6371428571428571,0.68,0.4357142857142857,0.6838565022421526,1.0056713268266948,1.0,0.0024571428571428244,1.0121985815602839,0.01554149993545868,0.49432739059967584,0.012051569506726577,0.6623064023815805
frozenset({'S7'}),frozenset({'S2'}),0.64,0.6671428571428571,0.4342857142857143,0.6785714285714285,1.0171306209850106,1.0,0.007314285714285718,1.0355555555555553,0.04678362573099417,0.49754500818330605,0.0343347639484976,0.6647675130009176
frozenset({'S2'}),frozenset({'S7'}),0.6671428571428571,0.64,0.4342857142857143,0.6509635974304069,1.0171306209850108,1.0,0.007314285714285718,1.0314110429447854,0.0505985995030495,0.49754500818330605,0.030454437306685747,0.6647675130009176
frozenset({'S8'}),frozenset({'S2'}),0.6528571428571428,0.6671428571428571,0.44571428571428573,0.6827133479212255,1.023339065406548,1.0,0.010165306122449036,1.0490738916256162,0.06569853329112624,0.5098039215686275,0.04677829847578478,0.6754037831683215
frozenset({'S2'}),frozenset({'S8'}),0.6671428571428571,0.6528571428571428,0.44571428571428573,0.6680942184154176,1.0233390654065477,1.0,0.010165306122449036,1.0459078341013828,0.06851821283151793,0.5098039215686275,0.04389281025017432,0.6754037831683215
frozenset({'S13'}),frozenset({'S2'}),0.6642857142857143,0.6671428571428571,0.45285714285714285,0.6817204301075269,1.0218507517671709,1.0,0.009683673469387755,1.0458011583011584,0.06369555003691522,0.5154471544715448,0.04379528358484481,0.6802606433192881
frozenset({'S2'}),frozenset({'S13'}),0.6671428571428571,0.6642857142857143,0.45285714285714285,0.6788008565310493,1.0218507517671709,1.0,0.009683673469387755,1.0451904761904764,0.06424229295568704,0.5154471544715448,0.0432365939222745,0.6802606433192881
frozenset({'S15'}),frozenset({'S2'}),0.6042857142857143,0.6671428571428571,0.40714285714285714,0.6737588652482269,1.0099169286375993,1.0,0.003997959183673461,1.02027950310559,0.02481474444233322,0.4710743801652893,0.019876419200681728,0.6420186189196166
frozenset({'S2'}),frozenset({'S15'}),0.6671428571428571,0.6042857142857143,0.40714285714285714,0.6102783725910064,1.009916928637599,1.0,0.003997959183673461,1.0153767660910515,0.029500790603117173,0.4710743801652893,0.015143901854528656,0.6420186189196166
frozenset({'S16'}),frozenset({'S2'}),0.45714285714285713,0.6671428571428571,0.3242857142857143,0.709375,1.0633029978586723,1.0,0.019306122448979612,1.1453149001536098,0.10966844423834929,0.40535714285714286,0.1268776824034334,0.5977281852248394
frozenset({'S2'}),frozenset({'S16'}),0.6671428571428571,0.45714285714285713,0.3242857142857143,0.4860813704496788,1.0633029978586723,1.0,0.019306122448979612,1.056309523809524,0.17885840691232932,0.40535714285714286,0.05330778767046098,0.5977281852248394
frozenset({'S31'}),frozenset({'S2'}),0.62,0.6671428571428571,0.41714285714285715,0.6728110599078341,1.0084962354078884,1.0,0.003514285714285692,1.0173239436619717,0.0221701514059119,0.4794745484400657,0.017028935345424243,0.6490393629303625
frozenset({'S2'}),frozenset({'S31'}),0.6671428571428571,0.62,0.41714285714285715,0.6252676659528908,1.0084962354078886,1.0,0.003514285714285692,1.014057142857143,0.02531012993121273,0.4794745484400657,0.013862278823396985,0.6490393629303625
frozenset({'S32'}),frozenset({'S2'}),0.6085714285714285,0.6671428571428571,0.40714285714285714,0.6690140845070423,1.0028048375908556,1.0,0.001138775510204082,1.0056534954407295,0.007145601229350751,0.46874999999999994,0.005621713111285714,0.6396462285490243
frozenset({'S2'}),frozenset({'S32'}),0.6671428571428571,0.6085714285714285,0.40714285714285714,0.6102783725910064,1.0028048375908556,1.0,0.001138775510204082,1.0043799058084772,0.008402981703185004,0.46874999999999994,0.004360805889432405,0.6396462285490243
frozenset({'S2'}),frozenset({'S33'}),0.6671428571428571,0.6085714285714285,0.4085714285714286,0.6124197002141327,1.0063234510560868,1.0,0.0025673469387755277,1.0099289660615627,0.01887811759056407,0.471169686985173,0.009831350912017983,0.6418906012807752
frozenset({'S33'}),frozenset({'S2'}),0.6085714285714285,0.6671428571428571,0.4085714285714286,0.6713615023474179,1.0063234510560868,1.0,0.0025673469387755277,1.0128367346938776,0.01605328977591762,0.471169686985173,0.0126740413870923,0.6418906012807752
frozenset({'S42'}),frozenset({'S2'}),0.6771428571428572,0.6671428571428571,0.46,0.679324894514768,1.018260013191301,1.0,0.008248979591836736,1.0379887218045114,0.0555433408453801,0.5201938610662359,0.036598395537929485,0.6844161945807244
frozenset({'S2'}),frozenset({'S42'}),0.6671428571428571,0.6771428571428572,0.46,0.6895074946466809,1.0182600131913009,1.0,0.008248979591836736,1.039822660098522,0.053874656785647644,0.5201938610662359,0.0382975497906046,0.6844161945807244
frozenset({'S44'}),frozenset({'S2'}),0.6342857142857142,0.6671428571428571,0.43,0.677927927927928,1.0161660589926116,1.0,0.006840816326530663,1.0334865134865137,0.04350083056478437,0.49344262295081964,0.0324015002126592,0.6612337712444779
frozenset({'S2'}),frozenset({'S44'}),0.6671428571428571,0.6342857142857142,0.43,0.6445396145610278,1.0161660589926116,1.0,0.006840816326530663,1.0288468158347677,0.047794903968175116,0.49344262295081964,0.028038008565310586,0.6612337712444779
frozenset({'S2'}),frozenset({'S51'}),0.6671428571428571,0.61,0.40714285714285714,0.6102783725910064,1.0004563485098465,1.0,0.00018571428571428905,1.0007142857142857,0.0013703787365409478,0.46798029556650245,0.0007137758743753376,0.6388628396912877
frozenset({'S51'}),frozenset({'S2'}),0.61,0.6671428571428571,0.40714285714285714,0.667447306791569,1.0004563485098465,1.0,0.00018571428571428905,1.0009154929577464,0.0011695906432748749,0.46798029556650245,0.0009146555969885466,0.6388628396912877
frozenset({'S58'}),frozenset({'S2'}),0.6857142857142857,0.6671428571428571,0.4614285714285714,0.6729166666666666,1.0086545324768021,1.0,0.003959183673469369,1.0176524112829843,0.02730087250211076,0.5176282051282052,0.017346208869813827,0.6822827444682369
frozenset({'S2'}),frozenset({'S58'}),0.6671428571428571,0.6857142857142857,0.4614285714285714,0.6916488222698073,1.0086545324768024,1.0,0.003959183673469369,1.0192460317460317,0.02577764785607025,0.5176282051282052,0.018882616313023157,0.6822827444682369
frozenset({'S3'}),frozenset({'S6'}),0.6228571428571429,0.6385714285714286,0.4014285714285714,0.6444954128440367,1.009276932865382,1.0,0.0036897959183673223,1.016663594470046,0.024371832201013535,0.4667774086378737,0.01639047031946904,0.6365653798000943
frozenset({'S6'}),frozenset({'S3'}),0.6385714285714286,0.6228571428571429,0.4014285714285714,0.6286353467561521,1.0092769328653817,1.0,0.0036897959183673223,1.0155593803786573,0.025431477079318473,0.4667774086378737,0.015320995186766773,0.6365653798000943
frozenset({'S3'}),frozenset({'S18'}),0.6228571428571429,0.6557142857142857,0.41,0.6582568807339448,1.0038775958905477,1.0,0.001583673469387703,1.0074400767018215,0.010241790729595272,0.4720394736842105,0.0073851307624954385,0.6417646059443145
frozenset({'S18'}),frozenset({'S3'}),0.6557142857142857,0.6228571428571429,0.41,0.6252723311546841,1.0038775958905477,1.0,0.001583673469387703,1.0064451827242522,0.011219223039888595,0.4720394736842105,0.006403908364692499,0.6417646059443145
frozenset({'S3'}),frozenset({'S21'}),0.6228571428571429,0.6471428571428571,0.41,0.6582568807339448,1.017173987889098,1.0,0.006922448979591822,1.032521572387344,0.04476823989019102,0.47674418604651153,0.03149723284923642,0.6459054823095773
frozenset({'S21'}),frozenset({'S3'}),0.6471428571428571,0.6228571428571429,0.41,0.6335540838852097,1.0171739878890982,1.0,0.006922448979591822,1.0291910499139414,0.04784945478141874,0.47674418604651153,0.028363101210783295,0.6459054823095773
frozenset({'S22'}),frozenset({'S3'}),0.67,0.6228571428571429,0.4228571428571429,0.6311300639658849,1.0132822127892647,1.0,0.005542857142857127,1.02242774566474,0.03972153972153961,0.4860426929392446,0.02193577566711895,0.6550145732673461
frozenset({'S3'}),frozenset({'S22'}),0.6228571428571429,0.67,0.4228571428571429,0.6788990825688074,1.0132822127892647,1.0,0.005542857142857127,1.0277142857142858,0.03475634725634716,0.4860426929392446,0.026966916875173753,0.6550145732673461
frozenset({'S31'}),frozenset({'S3'}),0.62,0.6228571428571429,0.39571428571428574,0.6382488479262673,1.0247114530926311,1.0,0.00954285714285713,1.042547770700637,0.06346190385711563,0.4671163575042159,0.040811339198436075,0.6367849744218492
frozenset({'S3'}),frozenset({'S31'}),0.6228571428571429,0.62,0.39571428571428574,0.6353211009174312,1.024711453092631,1.0,0.00954285714285713,1.0420125786163523,0.06394267585603318,0.4671163575042159,0.040318686624818995,0.6367849744218492
frozenset({'S35'}),frozenset({'S3'}),0.5442857142857143,0.6228571428571429,0.3514285714285714,0.6456692913385828,1.0366250090298346,1.0,0.012416326530612254,1.0643809523809524,0.07752886306292536,0.43082311733800344,0.06048675733715116,0.6049447374124106
frozenset({'S3'}),frozenset({'S35'}),0.6228571428571429,0.5442857142857143,0.3514285714285714,0.5642201834862385,1.0366250090298346,1.0,0.012416326530612254,1.0457443609022556,0.09368070953436815,0.43082311733800344,0.04374334934284311,0.6049447374124106
frozenset({'S36'}),frozenset({'S3'}),0.6171428571428571,0.6228571428571429,0.3871428571428571,0.6273148148148148,1.0071568127760786,1.0,0.002751020408163274,1.0119609582963618,0.01856033485707997,0.45393634840871017,0.011819584736251205,0.6244372239211688
frozenset({'S3'}),frozenset({'S36'}),0.6228571428571429,0.6171428571428571,0.3871428571428571,0.6215596330275228,1.0071568127760786,1.0,0.002751020408163274,1.0116709956709955,0.018841552051884217,0.45393634840871017,0.011536354922634325,0.6244372239211688
frozenset({'S3'}),frozenset({'S37'}),0.6228571428571429,0.6442857142857142,0.4185714285714286,0.6720183486238532,1.0430440000813688,1.0,0.017273469387755147,1.0845554445554448,0.10942186368807558,0.4932659932659933,0.07796322906304134,0.66084287719441
frozenset({'S37'}),frozenset({'S3'}),0.6442857142857142,0.6228571428571429,0.4185714285714286,0.6496674057649668,1.0430440000813688,1.0,0.017273469387755147,1.0765280289330925,0.11601354222350178,0.4932659932659933,0.07108781831619988,0.66084287719441
frozenset({'S3'}),frozenset({'S39'}),0.6228571428571429,0.6857142857142857,0.43,0.6903669724770641,1.0067851681957185,1.0,0.0028979591836734153,1.0150264550264547,0.017869727172052423,0.489430894308943,0.014804003336113132,0.6587251529051987
frozenset({'S39'}),frozenset({'S3'}),0.6857142857142857,0.6228571428571429,0.43,0.6270833333333333,1.0067851681957185,1.0,0.0028979591836734153,1.0113328012769351,0.021443672606462905,0.489430894308943,0.011205808080807983,0.6587251529051987
frozenset({'S3'}),frozenset({'S41'}),0.6228571428571429,0.6357142857142857,0.4,0.6422018348623854,1.0102051334913928,1.0,0.0040408163265306385,1.0181318681318683,0.02678571428571446,0.4658901830282863,0.01780895844576383,0.6357076590042264
frozenset({'S41'}),frozenset({'S3'}),0.6357142857142857,0.6228571428571429,0.4,0.6292134831460675,1.0102051334913928,1.0,0.0040408163265306385,1.0171428571428573,0.027731092436974965,0.4658901830282863,0.016853932584269832,0.6357076590042264
frozenset({'S44'}),frozenset({'S3'}),0.6342857142857142,0.6228571428571429,0.39714285714285713,0.6261261261261262,1.0052483676336887,1.0,0.0020734693877551003,1.0087435456110154,0.014276079136690633,0.4617940199335548,0.008667758667758705,0.6318704025126043
frozenset({'S3'}),frozenset({'S44'}),0.6228571428571429,0.6342857142857142,0.39714285714285713,0.6376146788990825,1.0052483676336887,1.0,0.0020734693877551003,1.0091862567811936,0.013843470678003043,0.4617940199335548,0.009102637614678917,0.6318704025126043
frozenset({'S45'}),frozenset({'S3'}),0.6257142857142857,0.6228571428571429,0.4,0.6392694063926941,1.02634996439194,1.0,0.010269387755102055,1.045497287522604,0.06859323882224654,0.47138047138047134,0.04351736543517378,0.6407356206275397
frozenset({'S3'}),frozenset({'S45'}),0.6228571428571429,0.6257142857142857,0.4,0.6422018348623854,1.02634996439194,1.0,0.010269387755102055,1.0460805860805864,0.06807359307359317,0.47138047138047134,0.04405070383080069,0.6407356206275397
frozenset({'S3'}),frozenset({'S51'}),0.6228571428571429,0.61,0.3942857142857143,0.6330275229357798,1.0377500375996391,1.0,0.014342857142857157,1.06275,0.09645366710584112,0.4701873935264055,0.05904493060456361,0.6396987731774918
frozenset({'S51'}),frozenset({'S3'}),0.61,0.6228571428571429,0.3942857142857143,0.6463700234192038,1.0377500375996391,1.0,0.014342857142857157,1.0664900662251657,0.09327387588257162,0.4701873935264055,0.06234475906607061,0.6396987731774918
frozenset({'S54'}),frozenset({'S3'}),0.6442857142857142,0.6228571428571429,0.4085714285714286,0.6341463414634148,1.0181248601476842,1.0,0.007273469387755138,1.0308571428571431,0.05004633920296595,0.47587354409317806,0.029933481152993588,0.6450548221078541
frozenset({'S3'}),frozenset({'S54'}),0.6228571428571429,0.6442857142857142,0.4085714285714286,0.6559633027522935,1.018124860147684,1.0,0.007273469387755138,1.033942857142857,0.04720279720279744,0.47587354409317806,0.03282856195423897,0.6450548221078541
frozenset({'S56'}),frozenset({'S3'}),0.65,0.6228571428571429,0.4114285714285714,0.6329670329670329,1.0162314749470711,1.0,0.006571428571428506,1.0275449101796406,0.04563492063492018,0.47761194029850745,0.026806526806526655,0.6467587458413147
frozenset({'S3'}),frozenset({'S56'}),0.6228571428571429,0.65,0.4114285714285714,0.6605504587155963,1.0162314749470711,1.0,0.006571428571428506,1.0310810810810809,0.04235058922558881,0.47761194029850745,0.030144167758846385,0.6467587458413147
frozenset({'S24'}),frozenset({'S4'}),0.6314285714285715,0.6671428571428571,0.4228571428571429,0.669683257918552,1.0038078812483648,1.0,0.001604081632653076,1.0076908023483364,0.01029226901319934,0.48287112561174556,0.007632105334705527,0.6517581171819741
frozenset({'S4'}),frozenset({'S24'}),0.6671428571428571,0.6314285714285715,0.4228571428571429,0.6338329764453962,1.0038078812483648,1.0,0.001604081632653076,1.0065664160401002,0.011396589722770085,0.48287112561174556,0.00652357950301277,0.6517581171819741
frozenset({'S25'}),frozenset({'S4'}),0.6514285714285715,0.6671428571428571,0.45,0.6907894736842105,1.0354446072354333,1.0,0.015404081632653055,1.0764741641337385,0.09820452771272441,0.518092105263158,0.07104133724870108,0.6826538374845035
frozenset({'S4'}),frozenset({'S25'}),0.6671428571428571,0.6514285714285715,0.45,0.6745182012847966,1.0354446072354333,1.0,0.015404081632653055,1.07093984962406,0.10284079296954829,0.518092105263158,0.0662407413908097,0.6826538374845035
frozenset({'S35'}),frozenset({'S4'}),0.5442857142857143,0.6671428571428571,0.36714285714285716,0.6745406824146982,1.0110888173239587,1.0,0.00402653061224495,1.022730414746544,0.024065964895161496,0.43485617597292736,0.022225226138578334,0.6124309407790836
frozenset({'S4'}),frozenset({'S35'}),0.6671428571428571,0.5442857142857143,0.36714285714285716,0.550321199143469,1.011088817323959,1.0,0.00402653061224495,1.0134217687074831,0.03294868155174471,0.43485617597292736,0.01324401065964989,0.6124309407790836
frozenset({'S37'}),frozenset({'S4'}),0.6442857142857142,0.6671428571428571,0.4357142857142857,0.6762749445676276,1.013688353741626,1.0,0.005883673469387785,1.02820939334638,0.037961682796761,0.4975530179445351,0.027435455782572175,0.6646899348105804
frozenset({'S4'}),frozenset({'S37'}),0.6671428571428571,0.6442857142857142,0.4357142857142857,0.6531049250535332,1.013688353741626,1.0,0.005883673469387785,1.0254232804232808,0.04056849363259008,0.4975530179445351,0.02479296199788473,0.6646899348105804
frozenset({'S44'}),frozenset({'S4'}),0.6342857142857142,0.6671428571428571,0.43142857142857144,0.6801801801801802,1.0195420259660088,1.0,0.008269387755102109,1.040764587525151,0.05241100993377525,0.4958949096880132,0.03916792328809509,0.6634305611821671
frozenset({'S4'}),frozenset({'S44'}),0.6671428571428571,0.6342857142857142,0.43142857142857144,0.6466809421841542,1.0195420259660088,1.0,0.008269387755102109,1.0350822510822513,0.0575846289401136,0.4958949096880132,0.03389320128479671,0.6634305611821671
frozenset({'S45'}),frozenset({'S4'}),0.6257142857142857,0.6671428571428571,0.42,0.6712328767123288,1.0061306503182659,1.0,0.0025591836734694118,1.0124404761904762,0.01627979436049244,0.4811783960720131,0.01228761244047273,0.6503915989557361
frozenset({'S4'}),frozenset({'S45'}),0.6671428571428571,0.6257142857142857,0.42,0.6295503211991434,1.0061306503182659,1.0,0.0025591836734694118,1.0103550784475641,0.018306034860296225,0.4811783960720131,0.010248949768703993,0.6503915989557361
frozenset({'S46'}),frozenset({'S4'}),0.6457142857142857,0.6671428571428571,0.4342857142857143,0.672566371681416,1.0081294650470902,1.0,0.003502040816326546,1.0165637065637068,0.022761035653650355,0.49430894308943096,0.016293820502108064,0.6617649845559115
frozenset({'S4'}),frozenset({'S46'}),0.6671428571428571,0.6457142857142857,0.4342857142857143,0.6509635974304069,1.0081294650470904,1.0,0.003502040816326546,1.015039439088519,0.024226338378134284,0.49430894308943096,0.014816605650342086,0.6617649845559115
frozenset({'S47'}),frozenset({'S4'}),0.6757142857142857,0.6671428571428571,0.4585714285714286,0.678646934460888,1.0172437989777765,1.0,0.007773469387755083,1.0357988721804512,0.05227331988417241,0.518578352180937,0.03456160567648746,0.6830065507422213
frozenset({'S4'}),frozenset({'S47'}),0.6671428571428571,0.6757142857142857,0.4585714285714286,0.6873661670235546,1.0172437989777763,1.0,0.007773469387755083,1.0372700587084147,0.050927225809901874,0.518578352180937,0.035930911526379755,0.6830065507422213
frozenset({'S4'}),frozenset({'S49'}),0.6671428571428571,0.67,0.4542857142857143,0.6809421841541756,1.0163316181405606,1.0,0.007299999999999973,1.034295302013423,0.04827651361783663,0.5145631067961165,0.03315813380053207,0.6794902818425462
frozenset({'S49'}),frozenset({'S4'}),0.67,0.6671428571428571,0.4542857142857143,0.6780383795309168,1.0163316181405606,1.0,0.007299999999999973,1.033841059602649,0.048694492090718335,0.5145631067961165,0.03273332906284026,0.6794902818425462
frozenset({'S4'}),frozenset({'S51'}),0.6671428571428571,0.61,0.40714285714285714,0.6102783725910064,1.0004563485098465,1.0,0.00018571428571428905,1.0007142857142857,0.0013703787365409478,0.46798029556650245,0.0007137758743753376,0.6388628396912877
frozenset({'S51'}),frozenset({'S4'}),0.61,0.6671428571428571,0.40714285714285714,0.667447306791569,1.0004563485098465,1.0,0.00018571428571428905,1.0009154929577464,0.0011695906432748749,0.46798029556650245,0.0009146555969885466,0.6388628396912877
frozenset({'S52'}),frozenset({'S4'}),0.6428571428571429,0.6671428571428571,0.43142857142857144,0.6711111111111111,1.005948132286462,1.0,0.0025510204081632404,1.0120656370656371,0.016556291390728315,0.4910569105691057,0.011921793037672823,0.6588960266476327
frozenset({'S4'}),frozenset({'S52'}),0.6671428571428571,0.6428571428571429,0.43142857142857144,0.6466809421841542,1.005948132286462,1.0,0.0025510204081632404,1.0108225108225106,0.017764261148850123,0.4910569105691057,0.010706638115631552,0.6588960266476327
frozenset({'S53'}),frozenset({'S4'}),0.6185714285714285,0.6671428571428571,0.4157142857142857,0.6720554272517321,1.007363595452275,1.0,0.0030387755102040948,1.0149798792756537,0.019164189093530078,0.47783251231527096,0.014758794318508326,0.6475908827907482
frozenset({'S4'}),frozenset({'S53'}),0.6671428571428571,0.6185714285714285,0.4157142857142857,0.6231263383297644,1.007363595452275,1.0,0.0030387755102040948,1.0120860389610389,0.02196068020589069,0.47783251231527096,0.011941710976910427,0.6475908827907482
frozenset({'S57'}),frozenset({'S4'}),0.6557142857142857,0.6671428571428571,0.4442857142857143,0.6775599128540305,1.015614430402187,1.0,0.006830612244897949,1.0323069498069497,0.044655841816653476,0.505691056910569,0.031295875527130236,0.6717564018231609
frozenset({'S4'}),frozenset({'S57'}),0.6671428571428571,0.6557142857142857,0.4442857142857143,0.6659528907922913,1.015614430402187,1.0,0.006830612244897949,1.0306501831501833,0.04618908960434974,0.505691056910569,0.02973868694856386,0.6717564018231609
frozenset({'S58'}),frozenset({'S4'}),0.6857142857142857,0.6671428571428571,0.4642857142857143,0.6770833333333334,1.0149000713775875,1.0,0.00681632653061226,1.030783410138249,0.04671328671328682,0.5225080385852091,0.029864091559370625,0.6865074054246967
frozenset({'S4'}),frozenset({'S58'}),0.6671428571428571,0.6857142857142857,0.4642857142857143,0.69593147751606,1.0149000713775875,1.0,0.00681632653061226,1.033601609657948,0.04410696599537811,0.5225080385852091,0.03250924664200905,0.6865074054246967
frozenset({'S59'}),frozenset({'S4'}),0.5157142857142857,0.6671428571428571,0.3628571428571429,0.703601108033241,1.0546483418057147,1.0,0.018802040816326582,1.1230040053404542,0.10699602815134862,0.44250871080139376,0.10953122585093876,0.6237491621536655
frozenset({'S4'}),frozenset({'S59'}),0.6671428571428571,0.5157142857142857,0.3628571428571429,0.5438972162740899,1.0546483418057147,1.0,0.018802040816326582,1.0617907444668009,0.15567233280389348,0.44250871080139376,0.058194841863902586,0.6237491621536655
frozenset({'S5'}),frozenset({'S6'}),0.6285714285714286,0.6385714285714286,0.40285714285714286,0.6409090909090909,1.0036607687614398,1.0,0.0014693877551020251,1.006509945750452,0.009819967266775672,0.4661157024793388,0.006467840459935231,0.6358907870652837
frozenset({'S6'}),frozenset({'S5'}),0.6385714285714286,0.6285714285714286,0.40285714285714286,0.6308724832214765,1.0036607687614398,1.0,0.0014693877551020251,1.0062337662337661,0.010091665965856422,0.4661157024793388,0.006195147134744424,0.6358907870652837
frozenset({'S5'}),frozenset({'S9'}),0.6285714285714286,0.6528571428571428,0.4114285714285714,0.6545454545454545,1.0025860354087925,1.0,0.0010612244897959533,1.004887218045113,0.006944444444444673,0.47290640394088673,0.004863449307893897,0.6423711955440621
frozenset({'S9'}),frozenset({'S5'}),0.6528571428571428,0.6285714285714286,0.4114285714285714,0.6301969365426696,1.0025860354087925,1.0,0.0010612244897959533,1.0043956043956046,0.007430269775949032,0.47290640394088673,0.004376367614879771,0.6423711955440621
frozenset({'S5'}),frozenset({'S13'}),0.6285714285714286,0.6642857142857143,0.42142857142857143,0.6704545454545455,1.0092864125122192,1.0,0.0038775510204082098,1.0187192118226605,0.02477183833116066,0.4836065573770493,0.018375241779497394,0.6524315738025416
frozenset({'S13'}),frozenset({'S5'}),0.6642857142857143,0.6285714285714286,0.42142857142857143,0.6344086021505376,1.009286412512219,1.0,0.0038775510204082098,1.0159663865546218,0.027407140281284135,0.4836065573770493,0.015715467328370564,0.6524315738025416
frozenset({'S5'}),frozenset({'S14'}),0.6285714285714286,0.6342857142857142,0.41,0.6522727272727272,1.0283579033579033,1.0,0.011306122448979605,1.0517273576097106,0.0742428303403914,0.4807370184254605,0.04918323863636365,0.6493345618345618
frozenset({'S14'}),frozenset({'S5'}),0.6342857142857142,0.6285714285714286,0.41,0.6463963963963965,1.0283579033579036,1.0,0.011306122448979605,1.050409463148317,0.07540287456446002,0.4807370184254605,0.047990297990298185,0.6493345618345618
frozenset({'S5'}),frozenset({'S23'}),0.6285714285714286,0.6185714285714285,0.39285714285714285,0.625,1.010392609699769,1.0,0.0040408163265306385,1.0171428571428571,0.027692307692307874,0.4598662207357859,0.016853932584269718,0.6300519630484989
frozenset({'S23'}),frozenset({'S5'}),0.6185714285714285,0.6285714285714286,0.39285714285714285,0.6351039260969977,1.010392609699769,1.0,0.0040408163265306385,1.0179023508137433,0.026966292134831638,0.4598662207357859,0.01758749333807084,0.6300519630484989
frozenset({'S5'}),frozenset({'S28'}),0.6285714285714286,0.6428571428571429,0.4057142857142857,0.6454545454545454,1.0040404040404038,1.0,0.0016326530612244539,1.007326007326007,0.010834236186348625,0.46864686468646866,0.007272727272726966,0.6382828282828282
frozenset({'S28'}),frozenset({'S5'}),0.6428571428571429,0.6285714285714286,0.4057142857142857,0.6311111111111111,1.004040404040404,1.0,0.0016326530612244539,1.0068846815834767,0.011267605633802571,0.46864686468646866,0.0068376068376067535,0.6382828282828282
frozenset({'S5'}),frozenset({'S31'}),0.6285714285714286,0.62,0.3942857142857143,0.6272727272727273,1.0117302052785924,1.0,0.004571428571428615,1.0195121951219512,0.031215161649944555,0.4615384615384615,0.019138755980861368,0.6316087138667784
frozenset({'S31'}),frozenset({'S5'}),0.62,0.6285714285714286,0.3942857142857143,0.6359447004608295,1.0117302052785924,1.0,0.004571428571428615,1.0202531645569621,0.030511060259344306,0.4615384615384615,0.019851116625310267,0.6316087138667784
frozenset({'S5'}),frozenset({'S37'}),0.6285714285714286,0.6442857142857142,0.40714285714285714,0.6477272727272727,1.0053416649868978,1.0,0.002163265306122486,1.0097695852534563,0.014304993252361918,0.4702970297029704,0.009675063891931434,0.6398281596452329
frozenset({'S37'}),frozenset({'S5'}),0.6442857142857142,0.6285714285714286,0.40714285714285714,0.6319290465631929,1.0053416649868978,1.0,0.002163265306122486,1.0091222030981069,0.014936940745438148,0.4702970297029704,0.009039740747057925,0.6398281596452329
frozenset({'S5'}),frozenset({'S40'}),0.6285714285714286,0.63,0.39714285714285713,0.6318181818181818,1.002886002886003,1.0,0.0011428571428571122,1.0049382716049382,0.007747648035417612,0.461028192371476,0.004914004914004946,0.6311018346732633
frozenset({'S40'}),frozenset({'S5'}),0.63,0.6285714285714286,0.39714285714285713,0.6303854875283447,1.002886002886003,1.0,0.0011428571428571122,1.0049079754601227,0.007777561734396058,0.461028192371476,0.004884004884004909,0.6311018346732633
frozenset({'S5'}),frozenset({'S42'}),0.6285714285714286,0.6771428571428572,0.4328571428571429,0.6886363636363637,1.0169735327963176,1.0,0.007224489795918387,1.0369134515119918,0.044935262757045055,0.49590834697217684,0.03559935639581677,0.6639384349827389
frozenset({'S42'}),frozenset({'S5'}),0.6771428571428572,0.6285714285714286,0.4328571428571429,0.639240506329114,1.0169735327963179,1.0,0.007224489795918387,1.029573934837093,0.05169543503022883,0.49590834697217684,0.02872444011684542,0.6639384349827389
frozenset({'S5'}),frozenset({'S43'}),0.6285714285714286,0.6514285714285715,0.4114285714285714,0.6545454545454545,1.0047846889952152,1.0,0.001959183673469367,1.0090225563909774,0.012820512820512683,0.4736842105263158,0.008941877794336688,0.6430622009569378
frozenset({'S43'}),frozenset({'S5'}),0.6514285714285715,0.6285714285714286,0.4114285714285714,0.631578947368421,1.0047846889952152,1.0,0.001959183673469367,1.0081632653061223,0.013661202185792205,0.4736842105263158,0.008097165991902773,0.6430622009569378
frozenset({'S5'}),frozenset({'S44'}),0.6285714285714286,0.6342857142857142,0.4142857142857143,0.6590909090909092,1.0391072891072892,1.0,0.015591836734693942,1.0727619047619052,0.10132625994695002,0.48821548821548827,0.0678267045454549,0.6561220311220313
frozenset({'S44'}),frozenset({'S5'}),0.6342857142857142,0.6285714285714286,0.4142857142857143,0.6531531531531533,1.0391072891072892,1.0,0.015591836734693942,1.0708719851576998,0.1029094827586211,0.48821548821548827,0.06618156618156648,0.6561220311220313
frozenset({'S45'}),frozenset({'S5'}),0.6257142857142857,0.6285714285714286,0.40285714285714286,0.6438356164383562,1.0242839352428394,1.0,0.009551020408163302,1.042857142857143,0.06334253694981345,0.47315436241610737,0.04109589041095899,0.6423723536737236
frozenset({'S5'}),frozenset({'S45'}),0.6285714285714286,0.6257142857142857,0.40285714285714286,0.6409090909090909,1.0242839352428394,1.0,0.009551020408163302,1.0423146473779386,0.0638297872340428,0.47315436241610737,0.04059680777238032,0.6423723536737236
frozenset({'S5'}),frozenset({'S49'}),0.6285714285714286,0.67,0.42714285714285716,0.6795454545454546,1.014246947082768,1.0,0.006000000000000005,1.0297872340425531,0.03781836892204789,0.4901639344262296,0.028925619834710682,0.6585360534987401
frozenset({'S49'}),frozenset({'S5'}),0.67,0.6285714285714286,0.42714285714285716,0.6375266524520256,1.014246947082768,1.0,0.006000000000000005,1.0247058823529411,0.042566129522651305,0.4901639344262296,0.024110218140068834,0.6585360534987401
frozenset({'S5'}),frozenset({'S50'}),0.6285714285714286,0.6457142857142857,0.4142857142857143,0.6590909090909092,1.0207160096540628,1.0,0.00840816326530619,1.0392380952380955,0.05464190981432404,0.48172757475083067,0.037756598240469515,0.6503419147224458
frozenset({'S50'}),frozenset({'S5'}),0.6457142857142857,0.6285714285714286,0.4142857142857143,0.6415929203539824,1.0207160096540628,1.0,0.00840816326530619,1.0363315696649034,0.057285873192436484,0.48172757475083067,0.035057862491491135,0.6503419147224458
frozenset({'S5'}),frozenset({'S54'}),0.6285714285714286,0.6442857142857142,0.40714285714285714,0.6477272727272727,1.0053416649868978,1.0,0.002163265306122486,1.0097695852534563,0.014304993252361918,0.4702970297029704,0.009675063891931434,0.6398281596452329
frozenset({'S54'}),frozenset({'S5'}),0.6442857142857142,0.6285714285714286,0.40714285714285714,0.6319290465631929,1.0053416649868978,1.0,0.002163265306122486,1.0091222030981069,0.014936940745438148,0.4702970297029704,0.009039740747057925,0.6398281596452329
frozenset({'S5'}),frozenset({'S55'}),0.6285714285714286,0.6371428571428571,0.41714285714285715,0.6636363636363637,1.0415817366490014,1.0,0.01665306122448984,1.078764478764479,0.10748155953635433,0.4915824915824917,0.07301360057265589,0.659172441907868
frozenset({'S55'}),frozenset({'S5'}),0.6371428571428571,0.6285714285714286,0.41714285714285715,0.6547085201793722,1.0415817366490012,1.0,0.01665306122448984,1.07569573283859,0.11002049401359106,0.4915824915824917,0.0703690927906175,0.659172441907868
frozenset({'S7'}),frozenset({'S6'}),0.64,0.6385714285714286,0.4114285714285714,0.6428571428571428,1.006711409395973,1.0,0.0027428571428571025,1.0119999999999998,0.018518518518518247,0.47446457990115326,0.011857707509881257,0.6435762224352828
frozenset({'S6'}),frozenset({'S7'}),0.6385714285714286,0.64,0.4114285714285714,0.6442953020134228,1.006711409395973,1.0,0.0027428571428571025,1.012075471698113,0.018445322793148606,0.47446457990115326,0.0119313944817299,0.6435762224352828
frozenset({'S6'}),frozenset({'S8'}),0.6385714285714286,0.6528571428571428,0.4185714285714286,0.6554809843400448,1.0040190132123226,1.0,0.0016755102040816872,1.0076159554730986,0.011075287674189948,0.47954173486088386,0.007558391103009749,0.6483094199599568
frozenset({'S8'}),frozenset({'S6'}),0.6528571428571428,0.6385714285714286,0.4185714285714286,0.6411378555798688,1.0040190132123226,1.0,0.0016755102040816872,1.007151567944251,0.011531060829506404,0.47954173486088386,0.007100786189360322,0.6483094199599568
frozenset({'S14'}),frozenset({'S6'}),0.6342857142857142,0.6385714285714286,0.4185714285714286,0.65990990990991,1.0334159663018725,1.0,0.013534693877551074,1.0627436140018927,0.08841723549488088,0.4899665551839466,0.05903927643058118,0.6576954471249774
frozenset({'S6'}),frozenset({'S14'}),0.6385714285714286,0.6342857142857142,0.4185714285714286,0.6554809843400448,1.0334159663018725,1.0,0.013534693877551074,1.0615213358070503,0.0894656612122115,0.4899665551839466,0.05795581655481003,0.6576954471249774
frozenset({'S6'}),frozenset({'S16'}),0.6385714285714286,0.45714285714285713,0.30714285714285716,0.4809843400447428,1.052153243847875,1.0,0.015224489795918394,1.0459359605911331,0.1371449581763032,0.38949275362318847,0.0439185211350525,0.5764296700223714
frozenset({'S16'}),frozenset({'S6'}),0.45714285714285713,0.6385714285714286,0.30714285714285716,0.6718750000000001,1.052153243847875,1.0,0.015224489795918394,1.1014965986394563,0.09130966952264397,0.38949275362318847,0.09214426877470387,0.5764296700223714
frozenset({'S6'}),frozenset({'S21'}),0.6385714285714286,0.6471428571428571,0.4157142857142857,0.6510067114093959,1.0059706357319584,1.0,0.002467346938775483,1.0110714285714284,0.016421498716433544,0.47783251231527096,0.010950194277640298,0.6466954086848304
frozenset({'S21'}),frozenset({'S6'}),0.6471428571428571,0.6385714285714286,0.4157142857142857,0.6423841059602649,1.0059706357319584,1.0,0.002467346938775483,1.0106613756613756,0.01682040151926189,0.47783251231527096,0.010548909771483787,0.6466954086848304
frozenset({'S24'}),frozenset({'S6'}),0.6314285714285715,0.6385714285714286,0.4085714285714286,0.6470588235294118,1.0132912225292803,1.0,0.005359183673469381,1.024047619047619,0.03558844256518671,0.47429519071310117,0.02348291095094174,0.6434399263060929
frozenset({'S6'}),frozenset({'S24'}),0.6385714285714286,0.6314285714285715,0.4085714285714286,0.639821029082774,1.01329122252928,1.0,0.005359183673469381,1.0233007985803015,0.03629177146963703,0.47429519071310117,0.022770233945510934,0.6434399263060929
frozenset({'S6'}),frozenset({'S26'}),0.6385714285714286,0.48857142857142855,0.32142857142857145,0.5033557046979866,1.0302602142941246,1.0,0.009440816326530654,1.02976833976834,0.08126482213438771,0.39893617021276595,0.028907802482096807,0.580625220770046
frozenset({'S26'}),frozenset({'S6'}),0.48857142857142855,0.6385714285714286,0.32142857142857145,0.6578947368421053,1.0302602142941246,1.0,0.009440816326530654,1.0564835164835167,0.05743016759776561,0.39893617021276595,0.0534636987726234,0.580625220770046
frozenset({'S28'}),frozenset({'S6'}),0.6428571428571429,0.6385714285714286,0.4157142857142857,0.6466666666666666,1.012677106636838,1.0,0.005204081632653013,1.0229110512129378,0.03505154639175226,0.48019801980198007,0.022397891963109214,0.6488366890380313
frozenset({'S6'}),frozenset({'S28'}),0.6385714285714286,0.6428571428571429,0.4157142857142857,0.6510067114093959,1.012677106636838,1.0,0.005204081632653013,1.023351648351648,0.03463591540686981,0.48019801980198007,0.02281879194630845,0.6488366890380313
frozenset({'S6'}),frozenset({'S32'}),0.6385714285714286,0.6085714285714285,0.3985714285714286,0.6241610738255033,1.0256167879761793,1.0,0.009955102040816344,1.0414795918367348,0.06910620935866389,0.4696969696969697,0.03982756086807431,0.639545325645146
frozenset({'S32'}),frozenset({'S6'}),0.6085714285714285,0.6385714285714286,0.3985714285714286,0.6549295774647887,1.0256167879761793,1.0,0.009955102040816344,1.047405247813411,0.06380974805745242,0.4696969696969697,0.04525970049546295,0.639545325645146
frozenset({'S35'}),frozenset({'S6'}),0.5442857142857143,0.6385714285714286,0.3514285714285714,0.6456692913385828,1.0111152213355883,1.0,0.0038632653061224653,1.0200317460317463,0.024122639345515815,0.422680412371134,0.01963835548224478,0.5980024309041907
frozenset({'S6'}),frozenset({'S35'}),0.6385714285714286,0.5442857142857143,0.3514285714285714,0.5503355704697986,1.011115221335588,1.0,0.0038632653061224653,1.013454157782516,0.030415501783476465,0.422680412371134,0.013275546485451614,0.5980024309041907
frozenset({'S39'}),frozenset({'S6'}),0.6857142857142857,0.6385714285714286,0.43857142857142856,0.6395833333333333,1.0015846383296048,1.0,0.0006938775510204054,1.00280759702725,0.005034053893988727,0.49516129032258066,0.0027997364953885363,0.6631921140939596
frozenset({'S6'}),frozenset({'S39'}),0.6385714285714286,0.6857142857142857,0.43857142857142856,0.6868008948545861,1.0015846383296048,1.0,0.0006938775510204054,1.0034693877551017,0.00437743816868585,0.49516129032258066,0.0034573927191374554,0.6631921140939596
frozenset({'S45'}),frozenset({'S6'}),0.6257142857142857,0.6385714285714286,0.41285714285714287,0.6598173515981736,1.0332710203998243,1.0,0.013293877551020461,1.0624544582933846,0.08602974193718832,0.4848993288590604,0.05878318624000591,0.6531748950384604
frozenset({'S6'}),frozenset({'S45'}),0.6385714285714286,0.6257142857142857,0.41285714285714287,0.6465324384787472,1.0332710203998243,1.0,0.013293877551020461,1.0588969258589513,0.08909008848831361,0.4848993288590604,0.05562101883634759,0.6531748950384604
frozenset({'S6'}),frozenset({'S49'}),0.6385714285714286,0.67,0.43714285714285717,0.6845637583892618,1.0217369528197937,1.0,0.009299999999999975,1.0461702127659573,0.058862280089901416,0.5016393442622951,0.04413260117958096,0.6685078919878078
frozenset({'S49'}),frozenset({'S6'}),0.67,0.6385714285714286,0.43714285714285717,0.652452025586354,1.0217369528197937,1.0,0.009299999999999975,1.0399386503067485,0.0644682115270349,0.5016393442622951,0.03840481387528764,0.6685078919878078
frozenset({'S58'}),frozenset({'S6'}),0.6857142857142857,0.6385714285714286,0.44142857142857145,0.64375,1.008109619686801,1.0,0.0035510204081632968,1.0145363408521304,0.025595763459841357,0.5000000000000001,0.014328063241106852,0.6675125838926175
frozenset({'S6'}),frozenset({'S58'}),0.6385714285714286,0.6857142857142857,0.44142857142857145,0.6912751677852349,1.008109619686801,1.0,0.0035510204081632968,1.0180124223602485,0.02225718561725335,0.5000000000000001,0.017693715680292845,0.6675125838926175
frozenset({'S59'}),frozenset({'S6'}),0.5157142857142857,0.6385714285714286,0.3357142857142857,0.6509695290858726,1.0194153699331339,1.0,0.006393877551020388,1.0355215419501134,0.039327182577041236,0.41012216404886553,0.034303044901623746,0.5883482992185515
frozenset({'S6'}),frozenset({'S59'}),0.6385714285714286,0.5157142857142857,0.3357142857142857,0.5257270693512304,1.0194153699331336,1.0,0.006393877551020388,1.021111859838275,0.05269531578504735,0.41012216404886553,0.02067536444206868,0.5883482992185515
frozenset({'S7'}),frozenset({'S11'}),0.64,0.6814285714285714,0.44,0.6875,1.008909853249476,1.0,0.0038857142857143256,1.0194285714285716,0.024531024531024785,0.4991896272285251,0.0190582959641257,0.6666011530398324
frozenset({'S11'}),frozenset({'S7'}),0.6814285714285714,0.64,0.44,0.6457023060796646,1.008909853249476,1.0,0.0038857142857143256,1.0160946745562132,0.0277211577660011,0.4991896272285251,0.01583973911017944,0.6666011530398324
frozenset({'S13'}),frozenset({'S7'}),0.6642857142857143,0.64,0.44571428571428573,0.6709677419354839,1.0483870967741935,1.0,0.020571428571428574,1.0941176470588236,0.13747954173486088,0.519134775374376,0.08602150537634419,0.6836981566820277
frozenset({'S7'}),frozenset({'S13'}),0.64,0.6642857142857143,0.44571428571428573,0.6964285714285714,1.0483870967741935,1.0,0.020571428571428574,1.1058823529411765,0.12820512820512822,0.519134775374376,0.09574468085106382,0.6836981566820277
frozenset({'S7'}),frozenset({'S18'}),0.64,0.6557142857142857,0.4342857142857143,0.6785714285714285,1.034858387799564,1.0,0.014628571428571435,1.071111111111111,0.09356725146198834,0.5041459369817578,0.06639004149377575,0.6704403983815748
frozenset({'S18'}),frozenset({'S7'}),0.6557142857142857,0.64,0.4342857142857143,0.6623093681917211,1.0348583877995643,1.0,0.014628571428571435,1.0660645161290323,0.09783795588556458,0.5041459369817578,0.06197046719922538,0.6704403983815748
frozenset({'S22'}),frozenset({'S7'}),0.67,0.64,0.43857142857142856,0.6545842217484008,1.0227878464818763,1.0,0.009771428571428542,1.042222222222222,0.06751554634290771,0.5032786885245901,0.0405117270788911,0.669926039445629
frozenset({'S7'}),frozenset({'S22'}),0.64,0.67,0.43857142857142856,0.6852678571428571,1.0227878464818763,1.0,0.009771428571428542,1.048510638297872,0.06188925081433207,0.5032786885245901,0.046266233766233504,0.669926039445629
frozenset({'S24'}),frozenset({'S7'}),0.6314285714285715,0.64,0.4057142857142857,0.6425339366515836,1.0039592760180995,1.0,0.0015999999999999348,1.0070886075949366,0.01069985806310689,0.46864686468646866,0.0070387129210656525,0.6382312540400775
frozenset({'S7'}),frozenset({'S24'}),0.64,0.6314285714285715,0.4057142857142857,0.6339285714285714,1.0039592760180995,1.0,0.0015999999999999348,1.0068292682926827,0.01095461658841896,0.46864686468646866,0.0067829457364339645,0.6382312540400775
frozenset({'S25'}),frozenset({'S7'}),0.6514285714285715,0.64,0.42142857142857143,0.6469298245614035,1.0108278508771928,1.0,0.004514285714285693,1.0196273291925464,0.03073075854403987,0.48440065681445,0.01924951267056515,0.6527059837092731
frozenset({'S7'}),frozenset({'S25'}),0.64,0.6514285714285715,0.42142857142857143,0.6584821428571428,1.0108278508771928,1.0,0.004514285714285693,1.0206535947712416,0.029755178907721138,0.48440065681445,0.020235655737704625,0.6527059837092731
frozenset({'S28'}),frozenset({'S7'}),0.6428571428571429,0.64,0.4228571428571429,0.6577777777777778,1.0277777777777777,1.0,0.011428571428571399,1.051948051948052,0.07567567567567549,0.4916943521594684,0.04938271604938273,0.6592460317460318
frozenset({'S7'}),frozenset({'S28'}),0.64,0.6428571428571429,0.4228571428571429,0.6607142857142857,1.0277777777777777,1.0,0.011428571428571399,1.0526315789473681,0.07507507507507488,0.4916943521594684,0.04999999999999983,0.6592460317460318
frozenset({'S7'}),frozenset({'S32'}),0.64,0.6085714285714285,0.3914285714285714,0.6116071428571428,1.004988262910798,1.0,0.001942857142857135,1.0078160919540229,0.01378751013787505,0.4566666666666666,0.00775547445255466,0.6273998155600268
frozenset({'S32'}),frozenset({'S7'}),0.6085714285714285,0.64,0.3914285714285714,0.6431924882629108,1.004988262910798,1.0,0.001942857142857135,1.0089473684210524,0.012680483776439825,0.4566666666666666,0.00886802295252984,0.6273998155600268
frozenset({'S7'}),frozenset({'S33'}),0.64,0.6085714285714285,0.40714285714285714,0.6361607142857143,1.0453345070422535,1.0,0.01765714285714287,1.0758282208588958,0.12046783625731003,0.48387096774193544,0.07048357664233589,0.6525873993963782
frozenset({'S33'}),frozenset({'S7'}),0.6085714285714285,0.64,0.40714285714285714,0.6690140845070423,1.0453345070422535,1.0,0.01765714285714287,1.087659574468085,0.11079523626584718,0.48387096774193544,0.08059467918622844,0.6525873993963782
frozenset({'S34'}),frozenset({'S7'}),0.51,0.64,0.3271428571428571,0.6414565826330532,1.0022759103641457,1.0,0.0007428571428571007,1.0040624999999999,0.004634168077711171,0.3975694444444445,0.004046062869592082,0.5763086484593837
frozenset({'S7'}),frozenset({'S34'}),0.64,0.51,0.3271428571428571,0.5111607142857142,1.0022759103641454,1.0,0.0007428571428571007,1.002374429223744,0.0063076176613290945,0.3975694444444445,0.0023688046647228197,0.5763086484593837
frozenset({'S35'}),frozenset({'S7'}),0.5442857142857143,0.64,0.3557142857142857,0.6535433070866142,1.0211614173228347,1.0,0.007371428571428584,1.0390909090909093,0.045473429769233756,0.42931034482758623,0.03762029746281728,0.6046734392575928
frozenset({'S7'}),frozenset({'S35'}),0.64,0.5442857142857143,0.3557142857142857,0.5558035714285714,1.0211614173228347,1.0,0.007371428571428584,1.025929648241206,0.05756358768406972,0.42931034482758623,0.025274294670846378,0.6046734392575928
frozenset({'S36'}),frozenset({'S7'}),0.6171428571428571,0.64,0.39571428571428574,0.6412037037037038,1.0018807870370372,1.0,0.0007428571428572117,1.0033548387096778,0.004903281426801466,0.4593698175787728,0.003343621399177272,0.6297536375661377
frozenset({'S7'}),frozenset({'S36'}),0.64,0.6171428571428571,0.39571428571428574,0.6183035714285715,1.0018807870370372,1.0,0.0007428571428572117,1.003040935672515,0.005214600882471401,0.4593698175787728,0.0030317164179107558,0.6297536375661377
frozenset({'S39'}),frozenset({'S7'}),0.6857142857142857,0.64,0.44285714285714284,0.6458333333333333,1.0091145833333333,1.0,0.003999999999999948,1.0164705882352938,0.028739002932550946,0.5016181229773463,0.016203703703703463,0.6688988095238095
frozenset({'S7'}),frozenset({'S39'}),0.64,0.6857142857142857,0.44285714285714284,0.6919642857142857,1.0091145833333333,1.0,0.003999999999999948,1.0202898550724637,0.0250896057347667,0.5016181229773463,0.019886363636363567,0.6688988095238095
frozenset({'S7'}),frozenset({'S41'}),0.64,0.6357142857142857,0.41,0.640625,1.0077247191011236,1.0,0.003142857142857114,1.013664596273292,0.021293070073557685,0.4735973597359735,0.013480392156862848,0.6427844101123595
frozenset({'S41'}),frozenset({'S7'}),0.6357142857142857,0.64,0.41,0.6449438202247191,1.0077247191011236,1.0,0.003142857142857114,1.0139240506329112,0.021042563366809944,0.4735973597359735,0.013732833957552957,0.6427844101123595
frozenset({'S7'}),frozenset({'S48'}),0.64,0.6328571428571429,0.4157142857142857,0.6495535714285714,1.0263826185101579,1.0,0.010685714285714243,1.0476433121019106,0.07140129820542164,0.48499999999999993,0.045476653696497865,0.6532192236375363
frozenset({'S48'}),frozenset({'S7'}),0.6328571428571429,0.64,0.4157142857142857,0.656884875846501,1.0263826185101579,1.0,0.010685714285714243,1.0492105263157891,0.07001216789014106,0.48499999999999993,0.046902432906947226,0.6532192236375363
frozenset({'S50'}),frozenset({'S7'}),0.6457142857142857,0.64,0.4185714285714286,0.6482300884955753,1.0128595132743363,1.0,0.005314285714285771,1.0233962264150944,0.035836177474403104,0.4827018121911039,0.022861356932153534,0.6511239728192162
frozenset({'S7'}),frozenset({'S50'}),0.64,0.6457142857142857,0.4185714285714286,0.6540178571428572,1.0128595132743363,1.0,0.005314285714285771,1.0240000000000002,0.0352673492605237,0.4827018121911039,0.02343750000000026,0.6511239728192162
frozenset({'S52'}),frozenset({'S7'}),0.6428571428571429,0.64,0.4157142857142857,0.6466666666666666,1.0104166666666665,1.0,0.004285714285714226,1.0188679245283017,0.0288659793814429,0.4794069192751235,0.01851851851851833,0.6481101190476191
frozenset({'S7'}),frozenset({'S52'}),0.64,0.6428571428571429,0.4157142857142857,0.6495535714285714,1.0104166666666665,1.0,0.004285714285714226,1.0191082802547768,0.028636884306987003,0.4794069192751235,0.01874999999999978,0.6481101190476191
frozenset({'S56'}),frozenset({'S7'}),0.65,0.64,0.42428571428571427,0.6527472527472526,1.0199175824175823,1.0,0.00828571428571423,1.0367088607594934,0.05579605579605542,0.49009900990099003,0.0354090354090351,0.6578468406593405
frozenset({'S7'}),frozenset({'S56'}),0.64,0.65,0.42428571428571427,0.6629464285714285,1.0199175824175823,1.0,0.00828571428571423,1.0384105960264898,0.05424616535727611,0.49009900990099003,0.03698979591836706,0.6578468406593405
frozenset({'S58'}),frozenset({'S7'}),0.6857142857142857,0.64,0.44285714285714284,0.6458333333333333,1.0091145833333333,1.0,0.003999999999999948,1.0164705882352938,0.028739002932550946,0.5016181229773463,0.016203703703703463,0.6688988095238095
frozenset({'S7'}),frozenset({'S58'}),0.64,0.6857142857142857,0.44285714285714284,0.6919642857142857,1.0091145833333333,1.0,0.003999999999999948,1.0202898550724637,0.0250896057347667,0.5016181229773463,0.019886363636363567,0.6688988095238095
frozenset({'S9'}),frozenset({'S8'}),0.6528571428571428,0.6528571428571428,0.42714285714285716,0.6542669584245078,1.0021594549171893,1.0,0.0009204081632653849,1.004077757685353,0.006207247753142003,0.48617886178861797,0.004061197107635714,0.6542669584245078
frozenset({'S8'}),frozenset({'S9'}),0.6528571428571428,0.6528571428571428,0.42714285714285716,0.6542669584245078,1.0021594549171893,1.0,0.0009204081632653849,1.004077757685353,0.006207247753142003,0.48617886178861797,0.004061197107635714,0.6542669584245078
frozenset({'S11'}),frozenset({'S8'}),0.6814285714285714,0.6528571428571428,0.44571428571428573,0.6540880503144655,1.0018854162365993,1.0,0.0008387755102041705,1.003558441558442,0.005907209382546331,0.5016077170418007,0.0035458239511353003,0.6684006991178455
frozenset({'S8'}),frozenset({'S11'}),0.6528571428571428,0.6814285714285714,0.44571428571428573,0.6827133479212255,1.0018854162365993,1.0,0.0008387755102041705,1.0040492610837444,0.005421019309908772,0.5016077170418007,0.004032930694429995,0.6684006991178455
frozenset({'S12'}),frozenset({'S8'}),0.6628571428571428,0.6528571428571428,0.44285714285714284,0.6681034482758621,1.0233532030483665,1.0,0.010106122448979626,1.0459369202226347,0.06768726079825063,0.5073649754500819,0.04391939832552883,0.6732202142911039
frozenset({'S8'}),frozenset({'S12'}),0.6528571428571428,0.6628571428571428,0.44285714285714284,0.6783369803063458,1.0233532030483665,1.0,0.010106122448979626,1.048124392614189,0.06573742200982366,0.5073649754500819,0.04591477209509365,0.6732202142911039
frozenset({'S8'}),frozenset({'S16'}),0.6528571428571428,0.45714285714285713,0.3057142857142857,0.4682713347921226,1.0243435448577682,1.0,0.007265306122449022,1.02092886537331,0.06845890542671475,0.3801065719360569,0.02049982724864687,0.5685106673960614
frozenset({'S16'}),frozenset({'S8'}),0.45714285714285713,0.6528571428571428,0.3057142857142857,0.6687500000000001,1.0243435448577682,1.0,0.007265306122449022,1.0479784366576823,0.043777668470241275,0.3801065719360569,0.045781893004115566,0.5685106673960614
frozenset({'S25'}),frozenset({'S8'}),0.6514285714285715,0.6528571428571428,0.43142857142857144,0.6622807017543859,1.014434335291182,1.0,0.006138775510204086,1.0279035250463822,0.04082075778959943,0.4942716857610475,0.027146054436502788,0.6615561058006065
frozenset({'S8'}),frozenset({'S25'}),0.6528571428571428,0.6514285714285715,0.43142857142857144,0.6608315098468273,1.0144343352911822,1.0,0.006138775510204086,1.0277235023041478,0.04098874444716979,0.4942716857610475,0.026975643003192846,0.6615561058006065
frozenset({'S8'}),frozenset({'S32'}),0.6528571428571428,0.6085714285714285,0.4014285714285714,0.6148796498905909,1.0103656218859474,1.0,0.004118367346938823,1.0163798701298703,0.02955347597498679,0.4667774086378738,0.016115893881071593,0.6372520315180654
frozenset({'S32'}),frozenset({'S8'}),0.6085714285714285,0.6528571428571428,0.4014285714285714,0.6596244131455399,1.0103656218859474,1.0,0.004118367346938823,1.0198817733990149,0.026209834532561278,0.4667774086378738,0.019494194246411328,0.6372520315180654
frozenset({'S8'}),frozenset({'S37'}),0.6528571428571428,0.6442857142857142,0.42142857142857143,0.6455142231947484,1.001906776577215,1.0,0.0008020408163266213,1.0034656084656086,0.005482318476669378,0.4812398042414356,0.003453639503308835,0.6498081093800794
frozenset({'S37'}),frozenset({'S8'}),0.6442857142857142,0.6528571428571428,0.42142857142857143,0.6541019955654103,1.001906776577215,1.0,0.0008020408163266213,1.0035989010989015,0.005350214416990598,0.4812398042414356,0.0035859954559145026,0.6498081093800794
frozenset({'S38'}),frozenset({'S8'}),0.62,0.6528571428571428,0.4057142857142857,0.6543778801843317,1.002329356956307,1.0,0.0009428571428571342,1.0044,0.006115641215715288,0.4678747940691928,0.004380724810832327,0.637911040748621
frozenset({'S8'}),frozenset({'S38'}),0.6528571428571428,0.62,0.4057142857142857,0.6214442013129103,1.002329356956307,1.0,0.0009428571428571342,1.0038150289017342,0.0066944879151451305,0.4678747940691928,0.003800529770816691,0.637911040748621
frozenset({'S8'}),frozenset({'S40'}),0.6528571428571428,0.63,0.4114285714285714,0.6301969365426696,1.0003125976867773,1.0,0.00012857142857147785,1.0005325443786983,0.0009002057613172173,0.47213114754098356,0.0005322609261340875,0.6416290805162328
frozenset({'S40'}),frozenset({'S8'}),0.63,0.6528571428571428,0.4114285714285714,0.6530612244897959,1.000312597686777,1.0,0.00012857142857147785,1.0005882352941176,0.0008445945945949183,0.47213114754098356,0.0005878894767783726,0.6416290805162328
frozenset({'S8'}),frozenset({'S51'}),0.6528571428571428,0.61,0.4042857142857143,0.6192560175054705,1.015173799189296,1.0,0.006042857142857183,1.0243103448275865,0.04305719146708574,0.47088186356073214,0.02373337821915528,0.6410097417738125
frozenset({'S51'}),frozenset({'S8'}),0.61,0.6528571428571428,0.4042857142857143,0.6627634660421546,1.015173799189296,1.0,0.006042857142857183,1.0293750000000004,0.03832563196520819,0.47088186356073214,0.028536733454766594,0.6410097417738125
frozenset({'S53'}),frozenset({'S8'}),0.6185714285714285,0.6528571428571428,0.4042857142857143,0.6535796766743649,1.001106725759421,1.0,0.00044693877551027494,1.0020857142857145,0.0028983205621952424,0.4662273476112027,0.00208137313603072,0.6364178470899178
frozenset({'S8'}),frozenset({'S53'}),0.6528571428571428,0.6185714285714285,0.4042857142857143,0.6192560175054705,1.0011067257594213,1.0,0.00044693877551027494,1.0017980295566504,0.0031845744448811917,0.4662273476112027,0.0017948024487992413,0.6364178470899178
frozenset({'S54'}),frozenset({'S8'}),0.6442857142857142,0.6528571428571428,0.43142857142857144,0.6696230598669624,1.025680835682437,1.0,0.01080204081632663,1.050747842761266,0.0703875103061258,0.4983498349834984,0.04829688027520035,0.6652272848568948
frozenset({'S8'}),frozenset({'S54'}),0.6528571428571428,0.6442857142857142,0.43142857142857144,0.6608315098468273,1.025680835682437,1.0,0.01080204081632663,1.0487834101382494,0.07212547352356101,0.4983498349834984,0.04651428470995627,0.6652272848568948
frozenset({'S58'}),frozenset({'S8'}),0.6857142857142857,0.6528571428571428,0.4542857142857143,0.6625,1.0147702407002188,1.0,0.006612244897959196,1.0285714285714287,0.04631217838765017,0.5137318255250404,0.027777777777777866,0.6791712253829322
frozenset({'S8'}),frozenset({'S58'}),0.6528571428571428,0.6857142857142857,0.4542857142857143,0.6958424507658644,1.0147702407002188,1.0,0.006612244897959196,1.0332990750256938,0.04192872117400427,0.5137318255250404,0.03222597970956844,0.6791712253829322
frozenset({'S9'}),frozenset({'S11'}),0.6528571428571428,0.6814285714285714,0.46,0.7045951859956238,1.0339971282954648,1.0,0.015124489795918461,1.078423280423281,0.09471410679140205,0.5261437908496733,0.07272031478446934,0.6898237984485457
frozenset({'S11'}),frozenset({'S9'}),0.6814285714285714,0.6528571428571428,0.46,0.6750524109014676,1.0339971282954648,1.0,0.015124489795918461,1.0683041474654382,0.10320864551708833,0.5261437908496733,0.06393698613591509,0.6898237984485457
frozenset({'S9'}),frozenset({'S12'}),0.6528571428571428,0.6628571428571428,0.4357142857142857,0.6673960612691466,1.0068475062250057,1.0,0.002963265306122509,1.0136466165413536,0.019591175875329273,0.4951298701298702,0.01346289359492659,0.6623618237380215
frozenset({'S12'}),frozenset({'S9'}),0.6628571428571428,0.6528571428571428,0.4357142857142857,0.6573275862068966,1.0068475062250057,1.0,0.002963265306122509,1.013045822102426,0.020172270075021245,0.4951298701298702,0.012877820349084938,0.6623618237380215
frozenset({'S9'}),frozenset({'S13'}),0.6528571428571428,0.6642857142857143,0.44,0.6739606126914661,1.0145643631914545,1.0,0.006316326530612315,1.0296740172579102,0.04135268024156958,0.501628664495114,0.028818846315005548,0.6681631020446578
frozenset({'S13'}),frozenset({'S9'}),0.6642857142857143,0.6528571428571428,0.44,0.6623655913978495,1.0145643631914545,1.0,0.006316326530612315,1.028161965423112,0.04276043105830388,0.501628664495114,0.027390592504093224,0.6681631020446578
frozenset({'S9'}),frozenset({'S15'}),0.6528571428571428,0.6042857142857143,0.4014285714285714,0.6148796498905909,1.0175313355163442,1.0,0.006916326530612249,1.0275081168831168,0.04963167992033159,0.4691151919866444,0.026771678423875726,0.639591125181702
frozenset({'S15'}),frozenset({'S9'}),0.6042857142857143,0.6528571428571428,0.4014285714285714,0.6643026004728132,1.0175313355163442,1.0,0.006916326530612249,1.0340945674044266,0.04353970476765552,0.4691151919866444,0.0329704540369106,0.639591125181702
frozenset({'S17'}),frozenset({'S9'}),0.6671428571428571,0.6528571428571428,0.44285714285714284,0.6638115631691649,1.0167791996026596,1.0,0.007308163265306145,1.0325841674249319,0.04957773778208516,0.5048859934853421,0.03155594328566035,0.6710742717377554
frozenset({'S9'}),frozenset({'S17'}),0.6528571428571428,0.6671428571428571,0.44285714285714284,0.6783369803063458,1.0167791996026596,1.0,0.007308163265306145,1.034800777453839,0.0475375016593656,0.5048859934853421,0.0336304129375196,0.6710742717377554
frozenset({'S22'}),frozenset({'S9'}),0.67,0.6528571428571428,0.44,0.6567164179104478,1.005911362226069,1.0,0.0025857142857143023,1.011242236024845,0.01780794962613156,0.49838187702265363,0.011117253239973155,0.665338515300957
frozenset({'S9'}),frozenset({'S22'}),0.6528571428571428,0.67,0.44,0.6739606126914661,1.0059113622260687,1.0,0.0025857142857143023,1.0121476510067113,0.016928544706322587,0.49838187702265363,0.012001856640806307,0.665338515300957
frozenset({'S9'}),frozenset({'S23'}),0.6528571428571428,0.6185714285714285,0.4057142857142857,0.6214442013129103,1.0046442053557443,1.0,0.0018755102040816651,1.0075887696118913,0.013316524662377788,0.46864686468646866,0.007531613928978471,0.638666673404723
frozenset({'S23'}),frozenset({'S9'}),0.6185714285714285,0.6528571428571428,0.4057142857142857,0.6558891454965358,1.004644205355744,1.0,0.0018755102040816651,1.008811121764142,0.012119533681489898,0.46864686468646866,0.008734163981790421,0.638666673404723
frozenset({'S24'}),frozenset({'S9'}),0.6314285714285715,0.6528571428571428,0.41714285714285715,0.6606334841628959,1.0119112448884622,1.0,0.004910204081632674,1.0229142857142859,0.03193692258681123,0.4810543657331137,0.02240098318529702,0.6497915779676624
frozenset({'S9'}),frozenset({'S24'}),0.6528571428571428,0.6314285714285715,0.41714285714285715,0.6389496717724289,1.011911244888462,1.0,0.004910204081632674,1.0208311688311689,0.033908337561305735,0.4810543657331137,0.020406086204264387,0.6497915779676624
frozenset({'S9'}),frozenset({'S25'}),0.6528571428571428,0.6514285714285715,0.42857142857142855,0.6564551422319475,1.0077162271104456,1.0,0.003281632653061195,1.0146314831665149,0.02205761316872408,0.4893964110929853,0.014420490009685203,0.6571749395370263
frozenset({'S25'}),frozenset({'S9'}),0.6514285714285715,0.6528571428571428,0.42857142857142855,0.6578947368421052,1.0077162271104456,1.0,0.003281632653061195,1.0147252747252746,0.021967213114753904,0.4893964110929853,0.014511587611002786,0.6571749395370263
frozenset({'S9'}),frozenset({'S32'}),0.6528571428571428,0.6085714285714285,0.3985714285714286,0.6105032822757113,1.0031744074953002,1.0,0.0012612244897959868,1.0049598715890855,0.009115447586176873,0.46192052980132453,0.004935392675174849,0.63271642987025
frozenset({'S32'}),frozenset({'S9'}),0.6085714285714285,0.6528571428571428,0.3985714285714286,0.6549295774647887,1.0031744074953002,1.0,0.0012612244897959868,1.0060058309037903,0.0080841378227773,0.46192052980132453,0.005969976236017126,0.63271642987025
frozenset({'S34'}),frozenset({'S9'}),0.51,0.6528571428571428,0.3414285714285714,0.6694677871148459,1.0254429999570944,1.0,0.008471428571428574,1.0502542372881356,0.05063615404320727,0.4156521739130435,0.04784959251190189,0.596221858546482
frozenset({'S9'}),frozenset({'S34'}),0.6528571428571428,0.51,0.3414285714285714,0.5229759299781181,1.0254429999570944,1.0,0.008471428571428574,1.0272018348623853,0.07147407751777814,0.4156521739130435,0.02648148975126151,0.596221858546482
frozenset({'S35'}),frozenset({'S9'}),0.5442857142857143,0.6528571428571428,0.35714285714285715,0.6561679790026247,1.005071302629841,1.0,0.0018020408163265667,1.0096292257360961,0.011072100313479844,0.42517006802721097,0.009537388073404615,0.6016069654312906
frozenset({'S9'}),frozenset({'S35'}),0.6528571428571428,0.5442857142857143,0.35714285714285715,0.5470459518599563,1.005071302629841,1.0,0.0018020408163265667,1.0060938578329885,0.014534979423868602,0.42517006802721097,0.00605694765507658,0.6016069654312906
frozenset({'S39'}),frozenset({'S9'}),0.6857142857142857,0.6528571428571428,0.45,0.65625,1.0051969365426696,1.0,0.0023265306122449148,1.00987012987013,0.01645021645021657,0.5064308681672026,0.009773662551440484,0.6727639496717724
frozenset({'S9'}),frozenset({'S39'}),0.6528571428571428,0.6857142857142857,0.45,0.6892778993435449,1.0051969365426696,1.0,0.0023265306122449148,1.0114688128772638,0.014893200078385368,0.5064308681672026,0.011338770638551892,0.6727639496717724
frozenset({'S9'}),frozenset({'S40'}),0.6528571428571428,0.63,0.4228571428571429,0.6477024070021883,1.0280990587336323,1.0,0.011557142857142932,1.0502484472049691,0.07873150928706535,0.4916943521594684,0.04784434324915752,0.6594521105305726
frozenset({'S40'}),frozenset({'S9'}),0.63,0.6528571428571428,0.4228571428571429,0.671201814058957,1.0280990587336323,1.0,0.011557142857142932,1.0557931034482761,0.07386778670562502,0.4916943521594684,0.052844731857077804,0.6594521105305726
frozenset({'S9'}),frozenset({'S41'}),0.6528571428571428,0.6357142857142857,0.4185714285714286,0.6411378555798688,1.008531458215524,1.0,0.0035408163265306936,1.015113240418119,0.024368319779772742,0.4811165845648605,0.01488823100356151,0.6497824109360019
frozenset({'S41'}),frozenset({'S9'}),0.6357142857142857,0.6528571428571428,0.4185714285714286,0.6584269662921349,1.008531458215524,1.0,0.0035408163265306936,1.0163063909774441,0.023221575319548146,0.4811165845648605,0.016044758866232463,0.6497824109360019
frozenset({'S42'}),frozenset({'S9'}),0.6771428571428572,0.6528571428571428,0.45285714285714285,0.6687763713080168,1.0243839385461966,1.0,0.010779591836734714,1.048061874431301,0.07372770162753707,0.51628664495114,0.04585785973502801,0.6812153191332206
frozenset({'S9'}),frozenset({'S42'}),0.6528571428571428,0.6771428571428572,0.45285714285714285,0.6936542669584246,1.0243839385461966,1.0,0.010779591836734714,1.0538979591836737,0.06856979657540484,0.51628664495114,0.05114153482697875,0.6812153191332206
frozenset({'S50'}),frozenset({'S9'}),0.6457142857142857,0.6528571428571428,0.43142857142857144,0.668141592920354,1.023411630293759,1.0,0.0098693877551021,1.0460571428571432,0.06456953642384144,0.4975288303130149,0.04402928001748087,0.6644865513835907
frozenset({'S9'}),frozenset({'S50'}),0.6528571428571428,0.6457142857142857,0.43142857142857144,0.6608315098468273,1.023411630293759,1.0,0.0098693877551021,1.0445714285714292,0.06589812770828261,0.4975288303130149,0.04266958424507702,0.6644865513835907
frozenset({'S53'}),frozenset({'S9'}),0.6185714285714285,0.6528571428571428,0.40714285714285714,0.6581986143187067,1.0081816849520673,1.0,0.003304081632653111,1.0156274131274134,0.021276036533281088,0.4710743801652893,0.015386954827550443,0.6409154997195284
frozenset({'S9'}),frozenset({'S53'}),0.6528571428571428,0.6185714285714285,0.40714285714285714,0.6236323851203501,1.0081816849520673,1.0,0.003304081632653111,1.0134468438538207,0.023377373474839706,0.4710743801652893,0.0132684254091577,0.6409154997195284
frozenset({'S59'}),frozenset({'S9'}),0.5157142857142857,0.6528571428571428,0.34714285714285714,0.6731301939058172,1.0310528134224772,1.0,0.0104551020408164,1.0620217917675547,0.06218968886946642,0.4226086956521739,0.05839973553116077,0.6024294295568473
frozenset({'S9'}),frozenset({'S59'}),0.6528571428571428,0.5157142857142857,0.34714285714285714,0.5317286652078775,1.0310528134224772,1.0,0.0104551020408164,1.0341989319092124,0.08675845484258896,0.4226086956521739,0.03306804025225457,0.6024294295568473
frozenset({'S12'}),frozenset({'S10'}),0.6628571428571428,0.6485714285714286,0.43,0.6487068965517242,1.0002088713352575,1.0,8.979591836738576e-05,1.0003856266432956,0.0006194042457348249,0.4878444084278768,0.00038547799271112143,0.6558512456326903
frozenset({'S10'}),frozenset({'S12'}),0.6485714285714286,0.6628571428571428,0.43,0.6629955947136563,1.0002088713352575,1.0,8.979591836738576e-05,1.0004108309990662,0.0005942252113553606,0.4878444084278768,0.0004106622862688875,0.6558512456326903
frozenset({'S10'}),frozenset({'S16'}),0.6485714285714286,0.45714285714285713,0.3,0.46255506607929514,1.011839207048458,1.0,0.003510204081632662,1.0100702576112415,0.033294618660472404,0.37234042553191493,0.009969858567122653,0.5594025330396476
frozenset({'S16'}),frozenset({'S10'}),0.45714285714285713,0.6485714285714286,0.3,0.65625,1.011839207048458,1.0,0.003510204081632662,1.0223376623376623,0.021553884711779502,0.37234042553191493,0.021849593495934946,0.5594025330396476
frozenset({'S17'}),frozenset({'S10'}),0.6671428571428571,0.6485714285714286,0.4328571428571429,0.6488222698072805,1.0003867596147498,1.0,0.00016734693877551443,1.0007142857142857,0.0011614895395119205,0.4902912621359223,0.0007137758743754695,0.6581115754322746
frozenset({'S10'}),frozenset({'S17'}),0.6485714285714286,0.6671428571428571,0.4328571428571429,0.6674008810572688,1.0003867596147498,1.0,0.00016734693877551443,1.0007757805108801,0.0011001100110011278,0.4902912621359223,0.0007751791420092598,0.6581115754322746
frozenset({'S22'}),frozenset({'S10'}),0.67,0.6485714285714286,0.44142857142857145,0.6588486140724946,1.015845880728516,1.0,0.006885714285714273,1.0301249999999997,0.04726880455035786,0.5032573289902281,0.029244023783521263,0.6697326770803003
frozenset({'S10'}),frozenset({'S22'}),0.6485714285714286,0.67,0.44142857142857145,0.6806167400881058,1.015845880728516,1.0,0.006885714285714273,1.033241379310345,0.04438656037045799,0.5032573289902281,0.032171939660926546,0.6697326770803003
frozenset({'S23'}),frozenset({'S10'}),0.6185714285714285,0.6485714285714286,0.4042857142857143,0.6535796766743649,1.0077219684406507,1.0,0.0030979591836735043,1.014457142857143,0.020089728828364063,0.46854304635761596,0.014251112488030177,0.6384638471477552
frozenset({'S10'}),frozenset({'S23'}),0.6485714285714286,0.6185714285714285,0.4042857142857143,0.6233480176211454,1.0077219684406509,1.0,0.0030979591836735043,1.012681704260652,0.021804705679565873,0.46854304635761596,0.012522892639707215,0.6384638471477552
frozenset({'S10'}),frozenset({'S26'}),0.6485714285714286,0.48857142857142855,0.3314285714285714,0.5110132158590308,1.0459334827524023,1.0,0.014555102040816337,1.045894465894466,0.12496495654611729,0.4113475177304965,0.04388058966849605,0.594687894479223
frozenset({'S26'}),frozenset({'S10'}),0.48857142857142855,0.6485714285714286,0.3314285714285714,0.6783625730994152,1.0459334827524023,1.0,0.014555102040816337,1.0926233766233764,0.08586977460990182,0.4113475177304965,0.08477154946988054,0.594687894479223
frozenset({'S10'}),frozenset({'S33'}),0.6485714285714286,0.6085714285714285,0.4014285714285714,0.618942731277533,1.0170420467001715,1.0,0.006726530612244874,1.027217175887696,0.04768104620547969,0.4691151919866444,0.02649602881121568,0.6392835722115364
frozenset({'S33'}),frozenset({'S10'}),0.6085714285714285,0.6485714285714286,0.4014285714285714,0.6596244131455399,1.0170420467001715,1.0,0.006726530612244874,1.0324729064039408,0.04280853053484672,0.4691151919866444,0.03145158212145493,0.6392835722115364
frozenset({'S36'}),frozenset({'S10'}),0.6171428571428571,0.6485714285714286,0.4014285714285714,0.650462962962963,1.002916462718225,1.0,0.0011673469387755153,1.005411542100284,0.00759547458437354,0.46446280991735545,0.005382414935260613,0.634702847120248
frozenset({'S10'}),frozenset({'S36'}),0.6485714285714286,0.6171428571428571,0.4014285714285714,0.618942731277533,1.0029164627182248,1.0,0.0011673469387755153,1.0047233691164326,0.008274744669154914,0.46446280991735545,0.004701163784601128,0.634702847120248
frozenset({'S40'}),frozenset({'S10'}),0.63,0.6485714285714286,0.42142857142857143,0.6689342403628118,1.031396405845745,1.0,0.012828571428571411,1.0615068493150686,0.08227210261108556,0.49166666666666675,0.057942960381984765,0.6593569880228156
frozenset({'S10'}),frozenset({'S40'}),0.6485714285714286,0.63,0.42142857142857143,0.6497797356828193,1.031396405845745,1.0,0.012828571428571411,1.0564779874213834,0.08661981535069577,0.49166666666666675,0.05345874508870087,0.6593569880228156
frozenset({'S10'}),frozenset({'S43'}),0.6485714285714286,0.6514285714285715,0.4228571428571429,0.6519823788546256,1.0008501429785919,1.0,0.0003591836734693765,1.0015913200723328,0.0024170511975389265,0.4820846905537459,0.0015887917960569985,0.6505525929360847
frozenset({'S43'}),frozenset({'S10'}),0.6514285714285715,0.6485714285714286,0.4228571428571429,0.6491228070175439,1.0008501429785919,1.0,0.0003591836734693765,1.0015714285714286,0.002436863092600722,0.4820846905537459,0.0015689630580516742,0.6505525929360847
frozenset({'S47'}),frozenset({'S10'}),0.6757142857142857,0.6485714285714286,0.43857142857142856,0.6490486257928119,1.0007357666408994,1.0,0.0003224489795918273,1.0013597246127368,0.0022672157729339694,0.49516129032258066,0.0013578782722288608,0.6626300397686526
frozenset({'S10'}),frozenset({'S47'}),0.6485714285714286,0.6757142857142857,0.43857142857142856,0.6762114537444933,1.0007357666408991,1.0,0.0003224489795918273,1.0015354713313895,0.002092105611609801,0.49516129032258066,0.0015331172737679494,0.6626300397686526
frozenset({'S50'}),frozenset({'S10'}),0.6457142857142857,0.6485714285714286,0.4228571428571429,0.6548672566371682,1.0097072238899067,1.0,0.004065306122449042,1.0182417582417582,0.027136006974717065,0.4852459016393443,0.017914957910641092,0.6534248177458969
frozenset({'S10'}),frozenset({'S50'}),0.6485714285714286,0.6457142857142857,0.4228571428571429,0.6519823788546256,1.009707223889907,1.0,0.004065306122449042,1.0180108499095843,0.027356624917600943,0.4852459016393443,0.017692198379991756,0.6534248177458969
frozenset({'S52'}),frozenset({'S10'}),0.6428571428571429,0.6485714285714286,0.41714285714285715,0.6488888888888888,1.0004894762604013,1.0,0.00020408163265300816,1.0009041591320071,0.001369863013698274,0.477124183006536,0.0009033423667568713,0.6460303475281448
frozenset({'S10'}),frozenset({'S52'}),0.6485714285714286,0.6428571428571429,0.41714285714285715,0.6431718061674009,1.0004894762604013,1.0,0.00020408163265300816,1.0008818342151675,0.0013921372090429612,0.477124183006536,0.0008810572687223407,0.6460303475281448
frozenset({'S54'}),frozenset({'S10'}),0.6442857142857142,0.6485714285714286,0.42,0.6518847006651884,1.0051085693075592,1.0,0.0021346938775510527,1.0095177434030935,0.01428844630221588,0.4811783960720131,0.00942801002289393,0.6497308965881008
frozenset({'S10'}),frozenset({'S54'}),0.6485714285714286,0.6442857142857142,0.42,0.6475770925110131,1.0051085693075592,1.0,0.0021346938775510527,1.0093392857142856,0.014462695647364857,0.4811783960720131,0.009252870512888478,0.6497308965881008
frozenset({'S10'}),frozenset({'S55'}),0.6485714285714286,0.6371428571428571,0.42,0.6475770925110131,1.0163766025957606,1.0,0.006767346938775509,1.0296071428571427,0.045849234002544106,0.48514851485148514,0.028755766762634697,0.6533849588115603
frozenset({'S55'}),frozenset({'S10'}),0.6371428571428571,0.6485714285714286,0.42,0.6591928251121076,1.0163766025957606,1.0,0.006767346938775509,1.0311654135338346,0.044405163640259246,0.48514851485148514,0.030223486091363185,0.6533849588115603
frozenset({'S56'}),frozenset({'S10'}),0.65,0.6485714285714286,0.4342857142857143,0.6681318681318681,1.0301592680447305,1.0,0.012714285714285678,1.0589403973509932,0.08364661654135315,0.5024793388429752,0.05565978736710431,0.6688676961804715
frozenset({'S10'}),frozenset({'S56'}),0.6485714285714286,0.65,0.4342857142857143,0.6696035242290749,1.0301592680447305,1.0,0.012714285714285678,1.0593333333333332,0.08330658964484358,0.5024793388429752,0.056010069225928154,0.6688676961804715
frozenset({'S11'}),frozenset({'S12'}),0.6814285714285714,0.6628571428571428,0.45714285714285713,0.6708595387840671,1.0120725800621704,1.0,0.005453061224489852,1.0243130118289356,0.037443946188341196,0.5152979066022544,0.02373592012223312,0.6802573555989302
frozenset({'S12'}),frozenset({'S11'}),0.6628571428571428,0.6814285714285714,0.45714285714285713,0.6896551724137931,1.0120725800621704,1.0,0.005453061224489852,1.0265079365079368,0.035381355932203755,0.5152979066022544,0.025823411164373252,0.6802573555989302
frozenset({'S14'}),frozenset({'S11'}),0.6342857142857142,0.6814285714285714,0.43714285714285717,0.6891891891891893,1.011388747237804,1.0,0.004922448979591931,1.0249689440993792,0.030790441176471176,0.4975609756097562,0.02436068355350901,0.6653493115757267
frozenset({'S11'}),frozenset({'S14'}),0.6814285714285714,0.6342857142857142,0.43714285714285717,0.6415094339622642,1.011388747237804,1.0,0.004922448979591931,1.02015037593985,0.035346874175679915,0.4975609756097562,0.019752358490566405,0.6653493115757267
frozenset({'S15'}),frozenset({'S11'}),0.6042857142857143,0.6814285714285714,0.4185714285714286,0.6926713947990544,1.0164989022208346,1.0,0.006793877551020455,1.0365824175824176,0.04101723734305915,0.4827018121911039,0.035291373808691,0.653463579999108
frozenset({'S11'}),frozenset({'S15'}),0.6814285714285714,0.6042857142857143,0.4185714285714286,0.6142557651991615,1.0164989022208346,1.0,0.006793877551020455,1.0258462732919256,0.050949662529270766,0.4827018121911039,0.02519507451051629,0.653463579999108
frozenset({'S17'}),frozenset({'S11'}),0.6671428571428571,0.6814285714285714,0.45714285714285713,0.6852248394004282,1.0055710431452827,1.0,0.0025326530612245213,1.0120602526724976,0.016644313304721235,0.5128205128205128,0.011916536234528187,0.6780421890922477
frozenset({'S11'}),frozenset({'S17'}),0.6814285714285714,0.6671428571428571,0.45714285714285713,0.6708595387840671,1.0055710431452827,1.0,0.0025326530612245213,1.011292083712466,0.01739069506726479,0.5128205128205128,0.011165996346982753,0.6780421890922477
frozenset({'S18'}),frozenset({'S11'}),0.6557142857142857,0.6814285714285714,0.45571428571428574,0.6949891067538126,1.0199001566617796,1.0,0.008891836734693959,1.0444591836734696,0.05667347390054552,0.5170178282009724,0.042566702814658665,0.6818761047395898
frozenset({'S11'}),frozenset({'S18'}),0.6814285714285714,0.6557142857142857,0.45571428571428574,0.668763102725367,1.0199001566617798,1.0,0.008891836734693959,1.0393942133815555,0.06124801439475996,0.5170178282009724,0.03790112824795396,0.6818761047395898
frozenset({'S11'}),frozenset({'S26'}),0.6814285714285714,0.48857142857142855,0.3385714285714286,0.49685534591194974,1.0169553863694878,1.0,0.0056448979591837145,1.016464285714286,0.05233581199977332,0.4072164948453608,0.016197603738449265,0.5949189010261503
frozenset({'S26'}),frozenset({'S11'}),0.48857142857142855,0.6814285714285714,0.3385714285714286,0.6929824561403509,1.0169553863694878,1.0,0.0056448979591837145,1.0376326530612248,0.03260024043561299,0.4072164948453608,0.03626779954370258,0.5949189010261503
frozenset({'S30'}),frozenset({'S11'}),0.4442857142857143,0.6814285714285714,0.31,0.6977491961414791,1.0239506023040574,1.0,0.007251020408163278,1.0539969604863224,0.04209067323753458,0.3800350262697023,0.0512306605337911,0.5763379104397124
frozenset({'S11'}),frozenset({'S30'}),0.6814285714285714,0.4442857142857143,0.31,0.45492662473794554,1.0239506023040574,1.0,0.007251020408163278,1.0195219780219782,0.07342274389865895,0.3800350262697023,0.019148167908899432,0.5763379104397124
frozenset({'S38'}),frozenset({'S11'}),0.62,0.6814285714285714,0.4357142857142857,0.7027649769585254,1.0313112869412322,1.0,0.013228571428571478,1.0717829457364343,0.07989646246764483,0.5033003300330033,0.06697526399537121,0.6710889874310446
frozenset({'S11'}),frozenset({'S38'}),0.6814285714285714,0.62,0.4357142857142857,0.639412997903564,1.0313112869412322,1.0,0.013228571428571478,1.0538372093023258,0.09530250679997095,0.5033003300330033,0.05108683658832629,0.6710889874310446
frozenset({'S11'}),frozenset({'S43'}),0.6814285714285714,0.6514285714285715,0.4471428571428571,0.6561844863731656,1.0073007466254735,1.0,0.0032408163265306156,1.0138327526132402,0.022751042278542695,0.5048387096774194,0.013644018283671752,0.6712939975725477
frozenset({'S43'}),frozenset({'S11'}),0.6514285714285715,0.6814285714285714,0.4471428571428571,0.6864035087719298,1.0073007466254735,1.0,0.0032408163265306156,1.0158641358641358,0.020792960770963206,0.5048387096774194,0.015616395248210253,0.6712939975725477
frozenset({'S11'}),frozenset({'S46'}),0.6814285714285714,0.6457142857142857,0.44857142857142857,0.6582809224318659,1.0194616055360755,1.0,0.008563265306122503,1.0367747589833483,0.059924023878210074,0.5105691056910571,0.035470345573815024,0.6764855939592958
frozenset({'S46'}),frozenset({'S11'}),0.6457142857142857,0.6814285714285714,0.44857142857142857,0.6946902654867256,1.0194616055360755,1.0,0.008563265306122503,1.0434368530020703,0.053883295664680836,0.5105691056910571,0.041628636056986426,0.6764855939592958
frozenset({'S11'}),frozenset({'S48'}),0.6814285714285714,0.6328571428571429,0.44,0.6457023060796646,1.0202970976428107,1.0,0.008753061224489822,1.03625528317836,0.06244540213150097,0.5032679738562091,0.03498682589791907,0.6704809498795614
frozenset({'S48'}),frozenset({'S11'}),0.6328571428571429,0.6814285714285714,0.44,0.6952595936794582,1.020297097642811,1.0,0.008753061224489822,1.0453862433862435,0.05418414270554365,0.5032679738562091,0.04341576491309769,0.6704809498795614
frozenset({'S11'}),frozenset({'S51'}),0.6814285714285714,0.61,0.41714285714285715,0.6121593291404612,1.0035398838368217,1.0,0.0014714285714286235,1.0055675675675677,0.011072547453775193,0.477124183006536,0.0055367413857980545,0.6480000392774905
frozenset({'S51'}),frozenset({'S11'}),0.61,0.6814285714285714,0.41714285714285715,0.6838407494145199,1.0035398838368217,1.0,0.0014714285714286235,1.0076296296296297,0.009044608359677173,0.477124183006536,0.007571859148717279,0.6480000392774905
frozenset({'S52'}),frozenset({'S11'}),0.6428571428571429,0.6814285714285714,0.44142857142857145,0.6866666666666666,1.0076869322152342,1.0,0.0033673469387755506,1.0167173252279635,0.021359223300971134,0.5000000000000001,0.016442451420029973,0.6672327044025157
frozenset({'S11'}),frozenset({'S52'}),0.6814285714285714,0.6428571428571429,0.44142857142857145,0.6477987421383649,1.0076869322152342,1.0,0.0033673469387755506,1.014030612244898,0.023945317601985566,0.5000000000000001,0.01383647798742147,0.6672327044025157
frozenset({'S56'}),frozenset({'S11'}),0.65,0.6814285714285714,0.45285714285714285,0.6967032967032967,1.0224157393968716,1.0,0.009928571428571453,1.0503623188405797,0.06264082920234357,0.5154471544715448,0.04794756812694036,0.6806367636556316
frozenset({'S11'}),frozenset({'S56'}),0.6814285714285714,0.65,0.45285714285714285,0.6645702306079665,1.0224157393968716,1.0,0.009928571428571453,1.0434375,0.0688206419487631,0.5154471544715448,0.04162923030847564,0.6806367636556316
frozenset({'S58'}),frozenset({'S11'}),0.6857142857142857,0.6814285714285714,0.47,0.6854166666666667,1.0058525506638716,1.0,0.002734693877551042,1.0126773888363294,0.018513401492125044,0.5238853503184714,0.012518684603886561,0.6875720649895178
frozenset({'S11'}),frozenset({'S58'}),0.6814285714285714,0.6857142857142857,0.47,0.689727463312369,1.0058525506638714,1.0,0.002734693877551042,1.012934362934363,0.0182643422792265,0.5238853503184714,0.012769201448446814,0.6875720649895178
frozenset({'S15'}),frozenset({'S12'}),0.6042857142857143,0.6628571428571428,0.4085714285714286,0.6761229314420804,1.0200130431238281,1.0,0.008016326530612294,1.0409593326381648,0.0495821867663026,0.47587354409317806,0.03934767800617067,0.646251120893454
frozenset({'S12'}),frozenset({'S15'}),0.6628571428571428,0.6042857142857143,0.4085714285714286,0.6163793103448276,1.0200130431238281,1.0,0.008016326530612294,1.0315248796147674,0.058196041246889055,0.47587354409317806,0.03056143408440187,0.646251120893454
frozenset({'S12'}),frozenset({'S21'}),0.6628571428571428,0.6471428571428571,0.43142857142857144,0.6508620689655173,1.0057471264367819,1.0,0.0024653061224490513,1.0106525573192244,0.016949152542373374,0.4910569105691057,0.010540276420494543,0.658764367816092
frozenset({'S21'}),frozenset({'S12'}),0.6471428571428571,0.6628571428571428,0.43142857142857144,0.6666666666666667,1.0057471264367819,1.0,0.0024653061224490513,1.0114285714285718,0.01619433198380614,0.4910569105691057,0.011299435028248941,0.658764367816092
frozenset({'S12'}),frozenset({'S26'}),0.6628571428571428,0.48857142857142855,0.33285714285714285,0.5021551724137931,1.0278029844726762,1.0,0.009004081632653094,1.0272850958565245,0.08023568778642641,0.4066317626527051,0.026560392987863748,0.5917208610606978
frozenset({'S26'}),frozenset({'S12'}),0.48857142857142855,0.6628571428571428,0.33285714285714285,0.6812865497076024,1.0278029844726762,1.0,0.009004081632653094,1.0578243774574052,0.052892799769822994,0.4066317626527051,0.05466349489543093,0.5917208610606978
frozenset({'S28'}),frozenset({'S12'}),0.6428571428571429,0.6628571428571428,0.42714285714285716,0.6644444444444444,1.0023946360153257,1.0,0.0010204081632653184,1.0047303689687797,0.006688963210702422,0.48617886178861797,0.004708097928436894,0.6544204980842911
frozenset({'S12'}),frozenset({'S28'}),0.6628571428571428,0.6428571428571429,0.42714285714285716,0.644396551724138,1.0023946360153257,1.0,0.0010204081632653184,1.0043290043290045,0.0070857661130322245,0.48617886178861797,0.0043103448275863,0.6544204980842911
frozenset({'S12'}),frozenset({'S32'}),0.6628571428571428,0.6085714285714285,0.40714285714285714,0.6142241379310345,1.0092884895580378,1.0,0.0037469387755102446,1.0146528332003193,0.027297056199821878,0.4710743801652893,0.014441228290964064,0.6416191112190384
frozenset({'S32'}),frozenset({'S12'}),0.6085714285714285,0.6628571428571428,0.40714285714285714,0.6690140845070423,1.0092884895580378,1.0,0.0037469387755102446,1.0186018237082068,0.023511333077218845,0.4710743801652893,0.018262115063261045,0.6416191112190384
frozenset({'S34'}),frozenset({'S12'}),0.51,0.6628571428571428,0.34285714285714286,0.6722689075630252,1.0141987829614605,1.0,0.0048000000000000265,1.0287179487179487,0.028571428571428727,0.4130808950086059,0.027916251246261178,0.594755143436685
frozenset({'S12'}),frozenset({'S34'}),0.6628571428571428,0.51,0.34285714285714286,0.5172413793103449,1.0141987829614605,1.0,0.0048000000000000265,1.0150000000000001,0.041525423728813786,0.4130808950086059,0.014778325123152762,0.594755143436685
frozenset({'S12'}),frozenset({'S37'}),0.6628571428571428,0.6442857142857142,0.43142857142857144,0.6508620689655173,1.0102072023855038,1.0,0.004359183673469436,1.0188359788359793,0.029969693568302043,0.49265905383360536,0.018487744079767773,0.6602425644162399
frozenset({'S37'}),frozenset({'S12'}),0.6442857142857142,0.6628571428571428,0.43142857142857144,0.6696230598669624,1.0102072023855035,1.0,0.004359183673469436,1.020479386385427,0.028405010771563384,0.49265905383360536,0.020068397910481695,0.6602425644162399
frozenset({'S39'}),frozenset({'S12'}),0.6857142857142857,0.6628571428571428,0.4614285714285714,0.6729166666666666,1.0151760057471264,1.0,0.006897959183673474,1.0307552320291173,0.04756543765831695,0.5201288244766505,0.029837570621468884,0.6845186781609196
frozenset({'S12'}),frozenset({'S39'}),0.6628571428571428,0.6857142857142857,0.4614285714285714,0.6961206896551725,1.0151760057471266,1.0,0.006897959183673474,1.034245187436677,0.04434066222385478,0.5201288244766505,0.033111285266457895,0.6845186781609196
frozenset({'S12'}),frozenset({'S40'}),0.6628571428571428,0.63,0.4185714285714286,0.6314655172413793,1.0023262178434593,1.0,0.000971428571428623,1.0039766081871346,0.006883785503557951,0.47875816993464065,0.003960857409133331,0.6479323051059505
frozenset({'S40'}),frozenset({'S12'}),0.63,0.6628571428571428,0.4185714285714286,0.6643990929705216,1.0023262178434593,1.0,0.000971428571428623,1.0045945945945949,0.00627248408818408,0.47875816993464065,0.004573580844767522,0.6479323051059505
frozenset({'S12'}),frozenset({'S48'}),0.6628571428571428,0.6328571428571429,0.42428571428571427,0.6400862068965517,1.0114229002880049,1.0,0.004791836734693855,1.0200855431993154,0.03349883010899944,0.48688524590163923,0.01969005769488783,0.6552575504008717
frozenset({'S48'}),frozenset({'S12'}),0.6328571428571429,0.6628571428571428,0.42428571428571427,0.6704288939051918,1.0114229002880049,1.0,0.004791836734693855,1.0229745596868882,0.030761571617602606,0.48688524590163923,0.022458583617094397,0.6552575504008717
frozenset({'S52'}),frozenset({'S12'}),0.6428571428571429,0.6628571428571428,0.44857142857142857,0.6977777777777777,1.0526819923371646,1.0,0.022448979591836726,1.115546218487395,0.14012738853503182,0.5233333333333334,0.103578154425612,0.6872509578544062
frozenset({'S12'}),frozenset({'S52'}),0.6628571428571428,0.6428571428571429,0.44857142857142857,0.6767241379310345,1.0526819923371646,1.0,0.022448979591836726,1.1047619047619046,0.1484400302277879,0.5233333333333334,0.09482758620689641,0.6872509578544062
frozenset({'S54'}),frozenset({'S12'}),0.6442857142857142,0.6628571428571428,0.42857142857142855,0.6651884700665188,1.0035170884624207,1.0,0.0015020408163265442,1.0069631031220436,0.009852744310575723,0.4878048780487806,0.006914953587132234,0.6558700971022249
frozenset({'S12'}),frozenset({'S54'}),0.6628571428571428,0.6442857142857142,0.42857142857142855,0.646551724137931,1.0035170884624207,1.0,0.0015020408163265442,1.0064111498257842,0.010395480225988794,0.4878048780487806,0.00637030882149304,0.6558700971022249
frozenset({'S57'}),frozenset({'S12'}),0.6557142857142857,0.6628571428571428,0.4357142857142857,0.664488017429194,1.002460371121629,1.0,0.0010693877551020692,1.0048608534322823,0.007128766750561375,0.4935275080906149,0.004837339832355055,0.6609078018180452
frozenset({'S12'}),frozenset({'S57'}),0.6628571428571428,0.6557142857142857,0.4357142857142857,0.6573275862068966,1.002460371121629,1.0,0.0010693877551020692,1.0047079964061096,0.007279799944429201,0.4935275080906149,0.004685935040778491,0.6609078018180452
frozenset({'S58'}),frozenset({'S12'}),0.6857142857142857,0.6628571428571428,0.4657142857142857,0.6791666666666666,1.0246048850574712,1.0,0.011183673469387756,1.0508348794063078,0.07640825432236475,0.5275080906148868,0.04837570621468915,0.6908764367816091
frozenset({'S12'}),frozenset({'S58'}),0.6628571428571428,0.6857142857142857,0.4657142857142857,0.7025862068965517,1.0246048850574712,1.0,0.011183673469387756,1.056728778467909,0.07122803369034002,0.5275080906148868,0.05368338557993725,0.6908764367816091
frozenset({'S14'}),frozenset({'S13'}),0.6342857142857142,0.6642857142857143,0.42142857142857143,0.6644144144144145,1.0001937421292262,1.0,8.163265306126988e-05,1.0003835091083417,0.000529661016949447,0.480456026058632,0.00038336208549011905,0.6494115082824761
frozenset({'S13'}),frozenset({'S14'}),0.6642857142857143,0.6342857142857142,0.42142857142857143,0.6344086021505376,1.0001937421292262,1.0,8.163265306126988e-05,1.0003361344537816,0.0005769924269747168,0.480456026058632,0.0003360215053764721,0.6494115082824761
frozenset({'S13'}),frozenset({'S15'}),0.6642857142857143,0.6042857142857143,0.4085714285714286,0.6150537634408603,1.0178194666870028,1.0,0.007153061224489832,1.0279728651237032,0.05214997768189283,0.47508305647840526,0.027211676565350788,0.6455883474414703
frozenset({'S15'}),frozenset({'S13'}),0.6042857142857143,0.6642857142857143,0.4085714285714286,0.6761229314420804,1.0178194666870026,1.0,0.007153061224489832,1.036548488008342,0.044242760849259266,0.47508305647840526,0.035259795784920285,0.6455883474414703
frozenset({'S17'}),frozenset({'S13'}),0.6671428571428571,0.6642857142857143,0.44571428571428573,0.6680942184154176,1.0057332320232093,1.0,0.002540816326530637,1.0114746543778803,0.017126114229118687,0.503225806451613,0.011344480386350402,0.6695309801754508
frozenset({'S13'}),frozenset({'S17'}),0.6642857142857143,0.6671428571428571,0.44571428571428573,0.6709677419354839,1.0057332320232093,1.0,0.002540816326530637,1.0116246498599442,0.016980360065466615,0.503225806451613,0.01149107019244094,0.6695309801754508
frozenset({'S13'}),frozenset({'S21'}),0.6642857142857143,0.6471428571428571,0.4328571428571429,0.6516129032258066,1.0069073559780675,1.0,0.002969387755102082,1.012830687830688,0.020433958289446247,0.49268292682926834,0.012668146793783811,0.6602435377056186
frozenset({'S21'}),frozenset({'S13'}),0.6471428571428571,0.6642857142857143,0.4328571428571429,0.6688741721854305,1.0069073559780675,1.0,0.002969387755102082,1.0138571428571432,0.019441215376598653,0.49268292682926834,0.013667746935325123,0.6602435377056186
frozenset({'S13'}),frozenset({'S23'}),0.6642857142857143,0.6185714285714285,0.4114285714285714,0.6193548387096774,1.0012664829024809,1.0,0.0005204081632653179,1.0020581113801454,0.0037677304964539864,0.47213114754098356,0.002053884257581377,0.6422409297474485
frozenset({'S23'}),frozenset({'S13'}),0.6185714285714285,0.6642857142857143,0.4114285714285714,0.6651270207852195,1.0012664829024809,1.0,0.0005204081632653179,1.0025123152709363,0.0033161672908864673,0.47213114754098356,0.002506019360228258,0.6422409297474485
frozenset({'S24'}),frozenset({'S13'}),0.6314285714285715,0.6642857142857143,0.43714285714285717,0.6923076923076923,1.0421836228287842,1.0,0.01769387755102042,1.0910714285714287,0.1098191214470285,0.5091514143094842,0.08346972176759414,0.6751861042183622
frozenset({'S13'}),frozenset({'S24'}),0.6642857142857143,0.6314285714285715,0.43714285714285717,0.6580645161290323,1.0421836228287842,1.0,0.01769387755102042,1.0778975741239891,0.12056737588652489,0.5091514143094842,0.07226806701675417,0.6751861042183622
frozenset({'S28'}),frozenset({'S13'}),0.6428571428571429,0.6642857142857143,0.43,0.6688888888888889,1.0069295101553166,1.0,0.0029591836734693677,1.013902205177373,0.019269102990033093,0.4902280130293159,0.013711583924349898,0.658100358422939
frozenset({'S13'}),frozenset({'S28'}),0.6642857142857143,0.6428571428571429,0.43,0.6473118279569893,1.0069295101553166,1.0,0.0029591836734693677,1.0126306620209058,0.020499045734077754,0.4902280130293159,0.01247311827956983,0.658100358422939
frozenset({'S13'}),frozenset({'S32'}),0.6642857142857143,0.6085714285714285,0.4085714285714286,0.6150537634408603,1.010651723963855,1.0,0.004306122448979655,1.01683958499601,0.03139413777711696,0.47272727272727283,0.016560709520446016,0.6432076328941391
frozenset({'S32'}),frozenset({'S13'}),0.6085714285714285,0.6642857142857143,0.4085714285714286,0.6713615023474179,1.0106517239638548,1.0,0.004306122448979655,1.0215306122448982,0.026925629115410528,0.47272727272727283,0.021076815502946933,0.6432076328941391
frozenset({'S35'}),frozenset({'S13'}),0.5442857142857143,0.6642857142857143,0.3628571428571429,0.6666666666666667,1.0035842293906811,1.0,0.0012959183673469932,1.0071428571428576,0.007836990595611612,0.42905405405405406,0.007092198581560589,0.6064516129032258
frozenset({'S13'}),frozenset({'S35'}),0.6642857142857143,0.5442857142857143,0.3628571428571429,0.546236559139785,1.0035842293906811,1.0,0.0012959183673469932,1.0042992552471226,0.010638297872340871,0.42905405405405406,0.004280850776957671,0.6064516129032258
frozenset({'S39'}),frozenset({'S13'}),0.6857142857142857,0.6642857142857143,0.46,0.6708333333333334,1.0098566308243728,1.0,0.004489795918367401,1.0198915009041594,0.031055900621118383,0.5168539325842696,0.01950354609929104,0.6816532258064516
frozenset({'S13'}),frozenset({'S39'}),0.6642857142857143,0.6857142857142857,0.46,0.6924731182795699,1.0098566308243728,1.0,0.004489795918367401,1.0219780219780221,0.029073609092110826,0.5168539325842696,0.021505376344086093,0.6816532258064516
frozenset({'S13'}),frozenset({'S41'}),0.6642857142857143,0.6357142857142857,0.43,0.6473118279569893,1.0182433248761629,1.0,0.00770408163265307,1.0328832752613242,0.05336820527320285,0.49425287356321845,0.03183639047016673,0.6618581611695059
frozenset({'S41'}),frozenset({'S13'}),0.6357142857142857,0.6642857142857143,0.43,0.6764044943820225,1.018243324876163,1.0,0.00770408163265307,1.0374503968253972,0.04918246368314773,0.49425287356321845,0.03609849390389703,0.6618581611695059
frozenset({'S42'}),frozenset({'S13'}),0.6771428571428572,0.6642857142857143,0.4514285714285714,0.6666666666666666,1.003584229390681,1.0,0.001612244897959192,1.0071428571428571,0.011061946902654926,0.507223113964687,0.0070921985815602575,0.6731182795698925
frozenset({'S13'}),frozenset({'S42'}),0.6642857142857143,0.6771428571428572,0.4514285714285714,0.6795698924731183,1.003584229390681,1.0,0.001612244897959192,1.007574304889741,0.01063829787234048,0.507223113964687,0.007517366067180455,0.6731182795698925
frozenset({'S44'}),frozenset({'S13'}),0.6342857142857142,0.6642857142857143,0.4257142857142857,0.6711711711711712,1.010365203913591,1.0,0.0043673469387755515,1.020939334637965,0.028051593959731804,0.4877250409165303,0.020509871573701526,0.6560156931124673
frozenset({'S13'}),frozenset({'S44'}),0.6642857142857143,0.6342857142857142,0.4257142857142857,0.6408602150537634,1.010365203913591,1.0,0.0043673469387755515,1.0183062446535502,0.03055833214336742,0.4877250409165303,0.01797715053763458,0.6560156931124673
frozenset({'S45'}),frozenset({'S13'}),0.6257142857142857,0.6642857142857143,0.4185714285714286,0.6689497716894978,1.007021161683115,1.0,0.002918367346938844,1.0140886699507392,0.01862803845452457,0.48032786885245904,0.013892936947440229,0.6495286492856092
frozenset({'S13'}),frozenset({'S45'}),0.6642857142857143,0.6257142857142857,0.4185714285714286,0.6301075268817204,1.0070211616831148,1.0,0.002918367346938844,1.0118770764119602,0.02076828117057633,0.48032786885245904,0.011737667241237962,0.6495286492856092
frozenset({'S50'}),frozenset({'S13'}),0.6457142857142857,0.6642857142857143,0.43714285714285717,0.6769911504424779,1.0191264630316872,1.0,0.008204081632653126,1.0393346379647752,0.052972802024035835,0.5008183306055647,0.0378459800414237,0.667527833285755
frozenset({'S13'}),frozenset({'S50'}),0.6642857142857143,0.6457142857142857,0.43714285714285717,0.6580645161290323,1.0191264630316872,1.0,0.008204081632653126,1.0361185983827494,0.05590321234876973,0.5008183306055647,0.03485952133194601,0.667527833285755
frozenset({'S53'}),frozenset({'S13'}),0.6185714285714285,0.6642857142857143,0.41285714285714287,0.6674364896073903,1.0047431026347813,1.0,0.0019489795918367636,1.0094742063492066,0.012376398014592668,0.4745484400656814,0.009385288192226589,0.6444709329757382
frozenset({'S13'}),frozenset({'S53'}),0.6642857142857143,0.6185714285714285,0.41285714285714287,0.6215053763440861,1.0047431026347813,1.0,0.0019489795918367636,1.0077516233766237,0.014061694765515926,0.4745484400656814,0.007691997905843741,0.6444709329757382
frozenset({'S17'}),frozenset({'S14'}),0.6671428571428571,0.6342857142857142,0.43857142857142856,0.6573875802997858,1.0364218608329958,1.0,0.015412244897959226,1.0674285714285714,0.10557660315108165,0.5082781456953642,0.06316916488222703,0.6744145108706137
frozenset({'S14'}),frozenset({'S17'}),0.6342857142857142,0.6671428571428571,0.43857142857142856,0.6914414414414415,1.0364218608329958,1.0,0.015412244897959226,1.0787486965589157,0.09609120521172664,0.5082781456953642,0.07300003866527482,0.6744145108706137
frozenset({'S14'}),frozenset({'S18'}),0.6342857142857142,0.6557142857142857,0.4257142857142857,0.6711711711711712,1.0235725922000432,1.0,0.009804081632653117,1.0470058708414873,0.06297189597315471,0.4925619834710744,0.044895517924563706,0.6602043219690279
frozenset({'S18'}),frozenset({'S14'}),0.6557142857142857,0.6342857142857142,0.4257142857142857,0.6492374727668846,1.0235725922000434,1.0,0.009804081632653117,1.0426264418811007,0.06689130858559172,0.4925619834710744,0.040883714596950206,0.6602043219690279
frozenset({'S14'}),frozenset({'S21'}),0.6342857142857142,0.6471428571428571,0.4185714285714286,0.65990990990991,1.0197283376091326,1.0,0.008097959183673509,1.037540208136235,0.052901023890785236,0.48509933774834446,0.03618193091877346,0.6533545134538513
frozenset({'S21'}),frozenset({'S14'}),0.6471428571428571,0.6342857142857142,0.4185714285714286,0.6467991169977926,1.0197283376091326,1.0,0.008097959183673509,1.0354285714285718,0.05482859156291912,0.48509933774834446,0.03421633554083923,0.6533545134538513
frozenset({'S14'}),frozenset({'S22'}),0.6342857142857142,0.67,0.4257142857142857,0.6711711711711712,1.0017480166733899,1.0,0.0007428571428571562,1.0035616438356163,0.0047713926174497495,0.4845528455284553,0.003549003549003513,0.6532828137305748
frozenset({'S22'}),frozenset({'S14'}),0.67,0.6342857142857142,0.4257142857142857,0.6353944562899786,1.0017480166733899,1.0,0.0007428571428571562,1.0030409356725145,0.005287777099857733,0.4845528455284553,0.003031716417910366,0.6532828137305748
frozenset({'S14'}),frozenset({'S24'}),0.6342857142857142,0.6314285714285715,0.4057142857142857,0.6396396396396397,1.0130039541804248,1.0,0.005208163265306098,1.0227857142857142,0.03510123239436603,0.47176079734219273,0.022278092045533895,0.6410867881456117
frozenset({'S24'}),frozenset({'S14'}),0.6314285714285715,0.6342857142857142,0.4057142857142857,0.6425339366515836,1.0130039541804248,1.0,0.005208163265306098,1.0230741410488247,0.034829129817665526,0.47176079734219273,0.022553733031674187,0.6410867881456117
frozenset({'S14'}),frozenset({'S33'}),0.6342857142857142,0.6085714285714285,0.39,0.6148648648648649,1.0103413272427357,1.0,0.003991836734693943,1.016340852130326,0.027987637362637815,0.457286432160804,0.016078121917538175,0.6278549676437001
frozenset({'S33'}),frozenset({'S14'}),0.6085714285714285,0.6342857142857142,0.39,0.6408450704225352,1.0103413272427357,1.0,0.003991836734693943,1.018263305322129,0.026149033448303948,0.457286432160804,0.01793573943661996,0.6278549676437001
frozenset({'S34'}),frozenset({'S14'}),0.51,0.6342857142857142,0.33285714285714285,0.6526610644257703,1.0289701466172056,1.0,0.009371428571428586,1.052903225806452,0.05745817640360874,0.41021126760563387,0.05024509803921586,0.5887179196002725
frozenset({'S14'}),frozenset({'S34'}),0.6342857142857142,0.51,0.33285714285714285,0.5247747747747749,1.0289701466172056,1.0,0.009371428571428586,1.031090047393365,0.07698497854077264,0.41021126760563387,0.030152601581173156,0.5887179196002725
frozenset({'S14'}),frozenset({'S40'}),0.6342857142857142,0.63,0.4,0.6306306306306307,1.001001001001001,1.0,0.00040000000000006697,1.001707317073171,0.002734375000000457,0.46280991735537197,0.001704407109812798,0.6327756327756329
frozenset({'S40'}),frozenset({'S14'}),0.63,0.6342857142857142,0.4,0.634920634920635,1.0010010010010013,1.0,0.00040000000000006697,1.001739130434783,0.002702702702703155,0.46280991735537197,0.001736111111111469,0.6327756327756329
frozenset({'S14'}),frozenset({'S41'}),0.6342857142857142,0.6357142857142857,0.41285714285714287,0.650900900900901,1.023889057596923,1.0,0.009632653061224572,1.0435023041474658,0.06379757785467181,0.48166666666666663,0.04168874757110095,0.650169551574046
frozenset({'S41'}),frozenset({'S14'}),0.6357142857142857,0.6342857142857142,0.41285714285714287,0.6494382022471911,1.0238890575969228,1.0,0.009632653061224572,1.0432234432234435,0.06404776443449406,0.48166666666666663,0.04143258426966322,0.650169551574046
frozenset({'S14'}),frozenset({'S51'}),0.6342857142857142,0.61,0.3985714285714286,0.6283783783783784,1.0301284891448828,1.0,0.011657142857142921,1.0494545454545456,0.07997311827957032,0.4712837837837838,0.04712404712404721,0.640887081460852
frozenset({'S51'}),frozenset({'S14'}),0.61,0.6342857142857142,0.3985714285714286,0.6533957845433256,1.0301284891448828,1.0,0.011657142857142921,1.0551351351351355,0.07499310725117217,0.4712837837837838,0.052254098360656046,0.640887081460852
frozenset({'S53'}),frozenset({'S14'}),0.6185714285714285,0.6342857142857142,0.39285714285714285,0.6351039260969977,1.0012899735763479,1.0,0.000506122448979629,1.0022423146473782,0.0033775961865851988,0.45681063122923593,0.0022372979214783143,0.6272366477331835
frozenset({'S14'}),frozenset({'S53'}),0.6342857142857142,0.6185714285714285,0.39285714285714285,0.6193693693693694,1.0012899735763479,1.0,0.000506122448979629,1.0020963651732884,0.0035227272727275305,0.45681063122923593,0.0020919796200695694,0.6272366477331835
frozenset({'S15'}),frozenset({'S18'}),0.6042857142857143,0.6557142857142857,0.4014285714285714,0.6643026004728132,1.0130976477798894,1.0,0.005189795918367324,1.0255835010060361,0.032670837776378706,0.46755407653910147,0.024945312576635903,0.6382515181013304
frozenset({'S18'}),frozenset({'S15'}),0.6557142857142857,0.6042857142857143,0.4014285714285714,0.6122004357298475,1.0130976477798894,1.0,0.005189795918367324,1.0204093097913323,0.037551128896501654,0.46755407653910147,0.02000110112235824,0.6382515181013304
frozenset({'S23'}),frozenset({'S15'}),0.6185714285714285,0.6042857142857143,0.37857142857142856,0.6120092378752887,1.0127812447108797,1.0,0.004777551020408166,1.019906462585034,0.033086000989329394,0.44839255499153974,0.01951792964874397,0.6192433896232235
frozenset({'S15'}),frozenset({'S23'}),0.6042857142857143,0.6185714285714285,0.37857142857142856,0.6264775413711583,1.0127812447108795,1.0,0.004777551020408166,1.0211663652802891,0.031891560520400535,0.44839255499153974,0.020727636553598588,0.6192433896232235
frozenset({'S25'}),frozenset({'S15'}),0.6514285714285715,0.6042857142857143,0.3942857142857143,0.6052631578947368,1.0016175189747418,1.0,0.0006367346938775387,1.0024761904761903,0.004632929436920794,0.4577114427860697,0.0024700741022229784,0.6288727136991414
frozenset({'S15'}),frozenset({'S25'}),0.6042857142857143,0.6514285714285715,0.3942857142857143,0.652482269503546,1.0016175189747416,1.0,0.0006367346938775387,1.0030320699708453,0.004080991994977162,0.4577114427860697,0.003022904313451647,0.6288727136991414
frozenset({'S31'}),frozenset({'S15'}),0.62,0.6042857142857143,0.4042857142857143,0.652073732718894,1.0790818271943872,1.0,0.02962857142857145,1.1373509933774835,0.1928584712665056,0.49303135888501753,0.12076394549901008,0.6605522327897071
frozenset({'S15'}),frozenset({'S31'}),0.6042857142857143,0.62,0.4042857142857143,0.6690307328605201,1.0790818271943872,1.0,0.02962857142857145,1.1481428571428571,0.18519983161332307,0.49303135888501753,0.12902824436978966,0.6605522327897071
frozenset({'S15'}),frozenset({'S32'}),0.6042857142857143,0.6085714285714285,0.37,0.6122931442080378,1.006115495177527,1.0,0.0022489795918367306,1.0095993031358885,0.015360383591430497,0.43898305084745765,0.009508032648271882,0.6101371824326574
frozenset({'S32'}),frozenset({'S15'}),0.6085714285714285,0.6042857142857143,0.37,0.607981220657277,1.0061154951775269,1.0,0.0022489795918367306,1.009426860564585,0.015528562973818417,0.43898305084745765,0.009338824765681875,0.6101371824326574
frozenset({'S39'}),frozenset({'S15'}),0.6857142857142857,0.6042857142857143,0.42142857142857143,0.6145833333333334,1.01704097714736,1.0,0.007061224489795903,1.0267181467181468,0.05331278890600913,0.48519736842105265,0.02602286401925393,0.6559914302600474
frozenset({'S15'}),frozenset({'S39'}),0.6042857142857143,0.6857142857142857,0.42142857142857143,0.6973995271867612,1.01704097714736,1.0,0.007061224489795903,1.0386160714285715,0.04234228721776899,0.48519736842105265,0.03718031377605846,0.6559914302600474
frozenset({'S15'}),frozenset({'S40'}),0.6042857142857143,0.63,0.38571428571428573,0.6382978723404256,1.0131712259371835,1.0,0.005014285714285693,1.0229411764705882,0.03285198555956665,0.4545454545454545,0.022426682001150163,0.6252713851498046
frozenset({'S40'}),frozenset({'S15'}),0.63,0.6042857142857143,0.38571428571428573,0.6122448979591837,1.0131712259371835,1.0,0.005014285714285693,1.0205263157894737,0.03513513513513499,0.4545454545454545,0.020113460546673505,0.6252713851498046
frozenset({'S44'}),frozenset({'S15'}),0.6342857142857142,0.6042857142857143,0.3914285714285714,0.6171171171171171,1.0212339999574043,1.0,0.008138775510204088,1.0335126050420167,0.05685447080291975,0.4620573355817876,0.03242592773278693,0.6324356271164782
frozenset({'S15'}),frozenset({'S44'}),0.6042857142857143,0.6342857142857142,0.3914285714285714,0.6477541371158392,1.0212339999574043,1.0,0.008138775510204088,1.0382358581016298,0.05254420406334823,0.4620573355817876,0.0368277186761229,0.6324356271164782
frozenset({'S45'}),frozenset({'S15'}),0.6257142857142857,0.6042857142857143,0.38142857142857145,0.6095890410958905,1.0087761909388258,1.0,0.0033183673469387998,1.0135839598997496,0.02324384595591405,0.44949494949494956,0.013401908906582459,0.6203973574273779
frozenset({'S15'}),frozenset({'S45'}),0.6042857142857143,0.6257142857142857,0.38142857142857145,0.6312056737588653,1.0087761909388258,1.0,0.0033183673469387998,1.01489010989011,0.02198515393664073,0.44949494949494956,0.014671647447350085,0.6203973574273779
frozenset({'S15'}),frozenset({'S46'}),0.6042857142857143,0.6457142857142857,0.3942857142857143,0.652482269503546,1.0104813908240757,1.0,0.004089795918367334,1.019475218658892,0.026212525506199888,0.46076794657762943,0.01910318005033165,0.6315508692650473
frozenset({'S46'}),frozenset({'S15'}),0.6457142857142857,0.6042857142857143,0.3942857142857143,0.6106194690265487,1.010481390824076,1.0,0.004089795918367334,1.0162662337662338,0.029277699859747448,0.46076794657762943,0.01600587840644077,0.6315508692650473
frozenset({'S53'}),frozenset({'S15'}),0.6185714285714285,0.6042857142857143,0.37857142857142856,0.6120092378752887,1.0127812447108797,1.0,0.004777551020408166,1.019906462585034,0.033086000989329394,0.44839255499153974,0.01951792964874397,0.6192433896232235
frozenset({'S15'}),frozenset({'S53'}),0.6042857142857143,0.6185714285714285,0.37857142857142856,0.6264775413711583,1.0127812447108795,1.0,0.004777551020408166,1.0211663652802891,0.031891560520400535,0.44839255499153974,0.020727636553598588,0.6192433896232235
frozenset({'S15'}),frozenset({'S55'}),0.6042857142857143,0.6371428571428571,0.39,0.6453900709219859,1.0129440575008748,1.0,0.004983673469387773,1.023257142857143,0.03229261713016237,0.45805369127516776,0.022728541910984706,0.6287488471201857
frozenset({'S55'}),frozenset({'S15'}),0.6371428571428571,0.6042857142857143,0.39,0.6121076233183856,1.0129440575008746,1.0,0.004983673469387773,1.0201651527663087,0.035216751752184944,0.45805369127516776,0.01976655712227411,0.6287488471201857
frozenset({'S56'}),frozenset({'S15'}),0.65,0.6042857142857143,0.39714285714285713,0.6109890109890109,1.0110929259865429,1.0,0.004357142857142837,1.0172316384180788,0.03134635149023624,0.4633333333333332,0.016939738961399383,0.6340997064401319
frozenset({'S15'}),frozenset({'S56'}),0.6042857142857143,0.65,0.39714285714285713,0.6572104018912529,1.0110929259865429,1.0,0.004357142857142837,1.0210344827586204,0.027725112328909313,0.4633333333333332,0.020601148260722523,0.6340997064401319
frozenset({'S57'}),frozenset({'S15'}),0.6557142857142857,0.6042857142857143,0.3985714285714286,0.607843137254902,1.005886988365086,1.0,0.002332653061224488,1.0090714285714286,0.016999063043769226,0.4626865671641791,0.00898987753946352,0.6337088026700042
frozenset({'S15'}),frozenset({'S57'}),0.6042857142857143,0.6557142857142857,0.3985714285714286,0.6595744680851063,1.005886988365086,1.0,0.002332653061224488,1.0113392857142856,0.014789798532665646,0.4626865671641791,0.011212147965039207,0.6337088026700042
frozenset({'S18'}),frozenset({'S16'}),0.6557142857142857,0.45714285714285713,0.31285714285714283,0.4771241830065359,1.0437091503267975,1.0,0.013102040816326543,1.0382142857142858,0.12163928835332247,0.39107142857142857,0.03680770553835566,0.5807495915032679
frozenset({'S16'}),frozenset({'S18'}),0.45714285714285713,0.6557142857142857,0.31285714285714283,0.684375,1.0437091503267975,1.0,0.013102040816326543,1.0908062234794906,0.07714491708723872,0.39107142857142857,0.0832468879668049,0.5807495915032679
frozenset({'S16'}),frozenset({'S21'}),0.45714285714285713,0.6471428571428571,0.3,0.65625,1.0140728476821192,1.0,0.004163265306122432,1.0264935064935066,0.025563909774435987,0.37300177619893427,0.025809716599190315,0.5599130794701986
frozenset({'S21'}),frozenset({'S16'}),0.6471428571428571,0.45714285714285713,0.3,0.46357615894039733,1.0140728476821192,1.0,0.004163265306122432,1.0119929453262786,0.03932909196067075,0.37300177619893427,0.01185081910073195,0.5599130794701986
frozenset({'S25'}),frozenset({'S16'}),0.6514285714285715,0.45714285714285713,0.31,0.4758771929824561,1.0409813596491229,1.0,0.012204081632653074,1.0357441721458458,0.11294099871572123,0.38819320214669056,0.03451061865189287,0.577001096491228
frozenset({'S16'}),frozenset({'S25'}),0.45714285714285713,0.6514285714285715,0.31,0.678125,1.0409813596491226,1.0,0.012204081632653074,1.0829403606102632,0.0725200097016736,0.38819320214669056,0.0765881147540982,0.577001096491228
frozenset({'S31'}),frozenset({'S16'}),0.62,0.45714285714285713,0.3,0.48387096774193544,1.0584677419354838,1.0,0.01657142857142857,1.0517857142857145,0.14536340852130325,0.3860294117647059,0.04923599320882847,0.5700604838709677
frozenset({'S16'}),frozenset({'S31'}),0.45714285714285713,0.62,0.3,0.65625,1.058467741935484,1.0,0.01657142857142857,1.1054545454545455,0.10175438596491226,0.3860294117647059,0.09539473684210527,0.5700604838709677
frozenset({'S37'}),frozenset({'S16'}),0.6442857142857142,0.45714285714285713,0.3,0.4656319290465632,1.018569844789357,1.0,0.005469387755102084,1.0158861885002963,0.05125262956588298,0.37433155080213903,0.015637764033142758,0.5609409645232816
frozenset({'S16'}),frozenset({'S37'}),0.45714285714285713,0.6442857142857142,0.3,0.65625,1.018569844789357,1.0,0.005469387755102084,1.0348051948051948,0.03358395989974964,0.37433155080213903,0.03363453815261057,0.5609409645232816
frozenset({'S42'}),frozenset({'S16'}),0.6771428571428572,0.45714285714285713,0.3157142857142857,0.46624472573839665,1.0199103375527427,1.0,0.00616326530612249,1.0170525127046868,0.06046530252672927,0.3856893542757417,0.016766600044414902,0.5784348628691983
frozenset({'S16'}),frozenset({'S42'}),0.45714285714285713,0.6771428571428572,0.3157142857142857,0.690625,1.0199103375527427,1.0,0.00616326530612249,1.0435786435786436,0.03596094308168635,0.3856893542757417,0.04175884955752222,0.5784348628691983
frozenset({'S16'}),frozenset({'S43'}),0.45714285714285713,0.6514285714285715,0.31,0.678125,1.0409813596491226,1.0,0.012204081632653074,1.0829403606102632,0.0725200097016736,0.38819320214669056,0.0765881147540982,0.577001096491228
frozenset({'S43'}),frozenset({'S16'}),0.6514285714285715,0.45714285714285713,0.31,0.4758771929824561,1.0409813596491229,1.0,0.012204081632653074,1.0357441721458458,0.11294099871572123,0.38819320214669056,0.03451061865189287,0.577001096491228
frozenset({'S16'}),frozenset({'S49'}),0.45714285714285713,0.67,0.30857142857142855,0.6749999999999999,1.007462686567164,1.0,0.00228571428571428,1.015384615384615,0.013645224171539924,0.3769633507853402,0.015151515151514831,0.567777185501066
frozenset({'S49'}),frozenset({'S16'}),0.67,0.45714285714285713,0.30857142857142855,0.46055437100213215,1.007462686567164,1.0,0.00228571428571428,1.0063241106719367,0.022446689113355726,0.3769633507853402,0.00628436763550661,0.567777185501066
frozenset({'S58'}),frozenset({'S16'}),0.6857142857142857,0.45714285714285713,0.32571428571428573,0.47500000000000003,1.0390625,1.0,0.01224489795918371,1.0340136054421771,0.11961722488038312,0.39860139860139865,0.032894736842105345,0.59375
frozenset({'S16'}),frozenset({'S58'}),0.45714285714285713,0.6857142857142857,0.32571428571428573,0.7125,1.0390625,1.0,0.01224489795918371,1.093167701863354,0.06925207756232706,0.39860139860139865,0.08522727272727278,0.59375
frozenset({'S17'}),frozenset({'S18'}),0.6671428571428571,0.6557142857142857,0.43857142857142856,0.6573875802997858,1.002551865380937,1.0,0.0011163265306122216,1.0048839285714286,0.0076470341530244035,0.4959612277867528,0.004860191742116589,0.6631164481019627
frozenset({'S18'}),frozenset({'S17'}),0.6557142857142857,0.6671428571428571,0.43857142857142856,0.6688453159041394,1.002551865380937,1.0,0.0011163265306122216,1.005140977443609,0.007393190695662597,0.4959612277867528,0.0051146829738094165,0.6631164481019627
frozenset({'S17'}),frozenset({'S22'}),0.6671428571428571,0.67,0.44857142857142857,0.6723768736616702,1.0035475726293586,1.0,0.0015857142857142459,1.0072549019607842,0.010620267351903728,0.5048231511254019,0.007202647459606561,0.6709432342721997
frozenset({'S22'}),frozenset({'S17'}),0.67,0.6671428571428571,0.44857142857142857,0.6695095948827292,1.0035475726293586,1.0,0.0015857142857142459,1.0071612903225806,0.010712217718586879,0.5048231511254019,0.007110370892319494,0.6709432342721997
frozenset({'S17'}),frozenset({'S32'}),0.6671428571428571,0.6085714285714285,0.40714285714285714,0.6102783725910064,1.0028048375908556,1.0,0.001138775510204082,1.0043799058084772,0.008402981703185004,0.46874999999999994,0.004360805889432405,0.6396462285490243
frozenset({'S32'}),frozenset({'S17'}),0.6085714285714285,0.6671428571428571,0.40714285714285714,0.6690140845070423,1.0028048375908556,1.0,0.001138775510204082,1.0056534954407295,0.007145601229350751,0.46874999999999994,0.005621713111285714,0.6396462285490243
frozenset({'S17'}),frozenset({'S33'}),0.6671428571428571,0.6085714285714285,0.40714285714285714,0.6102783725910064,1.0028048375908556,1.0,0.001138775510204082,1.0043799058084772,0.008402981703185004,0.46874999999999994,0.004360805889432405,0.6396462285490243
frozenset({'S33'}),frozenset({'S17'}),0.6085714285714285,0.6671428571428571,0.40714285714285714,0.6690140845070423,1.0028048375908556,1.0,0.001138775510204082,1.0056534954407295,0.007145601229350751,0.46874999999999994,0.005621713111285714,0.6396462285490243
frozenset({'S17'}),frozenset({'S36'}),0.6671428571428571,0.6171428571428571,0.4185714285714286,0.6274089935760172,1.0166349432944723,1.0,0.006848979591836779,1.0275533661740561,0.04915847602865168,0.4834983498349836,0.026814535459746526,0.652824867158379
frozenset({'S36'}),frozenset({'S17'}),0.6171428571428571,0.6671428571428571,0.4185714285714286,0.6782407407407408,1.0166349432944723,1.0,0.006848979591836779,1.034491264131552,0.042738525801029256,0.4834983498349836,0.03334128119535864,0.652824867158379
frozenset({'S17'}),frozenset({'S39'}),0.6671428571428571,0.6857142857142857,0.4657142857142857,0.6980728051391862,1.01802284082798,1.0,0.00824489795918365,1.040932117527862,0.05318728771162996,0.5249597423510467,0.03932256180650164,0.6886197359029265
frozenset({'S39'}),frozenset({'S17'}),0.6857142857142857,0.6671428571428571,0.4657142857142857,0.6791666666666666,1.01802284082798,1.0,0.00824489795918365,1.03747680890538,0.056330172894589914,0.5249597423510467,0.036123032904148526,0.6886197359029265
frozenset({'S17'}),frozenset({'S40'}),0.6671428571428571,0.63,0.42142857142857143,0.6316916488222698,1.0026851568607458,1.0,0.0011285714285714232,1.004593023255814,0.00804539172183018,0.4812398042414356,0.004572023843972426,0.6503129445925409
frozenset({'S40'}),frozenset({'S17'}),0.63,0.6671428571428571,0.42142857142857143,0.6689342403628118,1.0026851568607458,1.0,0.0011285714285714232,1.0054109589041096,0.007237746220797035,0.4812398042414356,0.005381837999863742,0.6503129445925409
frozenset({'S17'}),frozenset({'S47'}),0.6671428571428571,0.6757142857142857,0.45285714285714285,0.6788008565310493,1.0045678637880222,1.0,0.002059183673469356,1.009609523809524,0.01366079527761585,0.508828250401284,0.009518059787376605,0.6744955656862435
frozenset({'S47'}),frozenset({'S17'}),0.6757142857142857,0.6671428571428571,0.45285714285714285,0.6701902748414377,1.0045678637880222,1.0,0.002059183673469356,1.0092399267399268,0.01402187356689204,0.508828250401284,0.009155332141658225,0.6744955656862435
frozenset({'S17'}),frozenset({'S48'}),0.6671428571428571,0.6328571428571429,0.42857142857142855,0.6423982869379015,1.0150762999018759,1.0,0.006365306122448899,1.0266809238665524,0.044620886981401445,0.4918032786885246,0.025987551970937738,0.6597995949362193
frozenset({'S48'}),frozenset({'S17'}),0.6328571428571429,0.6671428571428571,0.42857142857142855,0.6772009029345372,1.0150762999018759,1.0,0.006365306122448899,1.0311588411588408,0.04045395590142622,0.4918032786885246,0.030217304953545108,0.6597995949362193
frozenset({'S17'}),frozenset({'S50'}),0.6671428571428571,0.6457142857142857,0.44285714285714284,0.6638115631691649,1.0280267571203883,1.0,0.01207346938775511,1.0538307552320292,0.08190502561262639,0.5090311986863711,0.05108102507425584,0.6748261355668833
frozenset({'S50'}),frozenset({'S17'}),0.6457142857142857,0.6671428571428571,0.44285714285714284,0.6858407079646017,1.028026757120388,1.0,0.01207346938775511,1.059517102615694,0.07695109261186268,0.5090311986863711,0.056173800752022336,0.6748261355668833
frozenset({'S17'}),frozenset({'S51'}),0.6671428571428571,0.61,0.40714285714285714,0.6102783725910064,1.0004563485098465,1.0,0.00018571428571428905,1.0007142857142857,0.0013703787365409478,0.46798029556650245,0.0007137758743753376,0.6388628396912877
frozenset({'S51'}),frozenset({'S17'}),0.61,0.6671428571428571,0.40714285714285714,0.667447306791569,1.0004563485098465,1.0,0.00018571428571428905,1.0009154929577464,0.0011695906432748749,0.46798029556650245,0.0009146555969885466,0.6388628396912877
frozenset({'S17'}),frozenset({'S53'}),0.6671428571428571,0.6185714285714285,0.4157142857142857,0.6231263383297644,1.007363595452275,1.0,0.0030387755102040948,1.0120860389610389,0.02196068020589069,0.47783251231527096,0.011941710976910427,0.6475908827907482
frozenset({'S53'}),frozenset({'S17'}),0.6185714285714285,0.6671428571428571,0.4157142857142857,0.6720554272517321,1.007363595452275,1.0,0.0030387755102040948,1.0149798792756537,0.019164189093530078,0.47783251231527096,0.014758794318508326,0.6475908827907482
frozenset({'S17'}),frozenset({'S58'}),0.6671428571428571,0.6857142857142857,0.46714285714285714,0.7002141327623126,1.0211456102783725,1.0,0.009673469387755096,1.0483673469387753,0.06221207229200295,0.5274193548387097,0.04613587697099459,0.6907320663811563
frozenset({'S58'}),frozenset({'S17'}),0.6857142857142857,0.6671428571428571,0.46714285714285714,0.68125,1.0211456102783727,1.0,0.009673469387755096,1.0442577030812326,0.06588824020016676,0.5274193548387097,0.04238197424892709,0.6907320663811563
frozenset({'S22'}),frozenset({'S18'}),0.67,0.6557142857142857,0.44142857142857145,0.6588486140724946,1.0047800214613207,1.0,0.0020999999999999908,1.0091875,0.014416004707266781,0.4991922455573507,0.009103858301851652,0.6660256142257899
frozenset({'S18'}),frozenset({'S22'}),0.6557142857142857,0.67,0.44142857142857145,0.673202614379085,1.004780021461321,1.0,0.0020999999999999908,1.0098,0.013817830238085582,0.4991922455573507,0.009704892057833269,0.6660256142257899
frozenset({'S24'}),frozenset({'S18'}),0.6314285714285715,0.6557142857142857,0.42,0.665158371040724,1.0144027445065507,1.0,0.005963265306122456,1.028204633204633,0.03852238569846548,0.48434925864909384,0.027430953230318585,0.6528406234288586
frozenset({'S18'}),frozenset({'S24'}),0.6557142857142857,0.6314285714285715,0.42,0.6405228758169934,1.0144027445065507,1.0,0.005963265306122456,1.0252987012987012,0.041239732407485866,0.48434925864909384,0.024674469270912294,0.6528406234288586
frozenset({'S18'}),frozenset({'S33'}),0.6557142857142857,0.6085714285714285,0.4042857142857143,0.6165577342047931,1.0131230374257163,1.0,0.005236734693877587,1.0208279220779224,0.03762297846135826,0.47009966777408646,0.020402970596186815,0.6404384915155421
frozenset({'S33'}),frozenset({'S18'}),0.6085714285714285,0.6557142857142857,0.4042857142857143,0.6643192488262911,1.0131230374257163,1.0,0.005236734693877587,1.0256343656343658,0.03309174382915088,0.47009966777408646,0.024993668790057252,0.6404384915155421
frozenset({'S38'}),frozenset({'S18'}),0.62,0.6557142857142857,0.4085714285714286,0.6589861751152074,1.0049898095438894,1.0,0.002028571428571435,1.0095945945945948,0.01306588148693416,0.471169686985173,0.00950341319769792,0.6410399285162094
frozenset({'S18'}),frozenset({'S38'}),0.6557142857142857,0.62,0.4085714285714286,0.6230936819172114,1.0049898095438894,1.0,0.002028571428571435,1.0082080924855492,0.014421263383919032,0.471169686985173,0.008141268203187835,0.6410399285162094
frozenset({'S18'}),frozenset({'S43'}),0.6557142857142857,0.6514285714285715,0.42857142857142855,0.6535947712418301,1.0033253067308794,1.0,0.0014204081632652743,1.006253369272237,0.009626556016597294,0.4878048780487805,0.006214507660987807,0.6557447540419676
frozenset({'S43'}),frozenset({'S18'}),0.6514285714285715,0.6557142857142857,0.42857142857142855,0.6578947368421052,1.0033253067308794,1.0,0.0014204081632652743,1.0063736263736263,0.009508196721311262,0.4878048780487805,0.006333260537235076,0.6557447540419676
frozenset({'S18'}),frozenset({'S46'}),0.6557142857142857,0.6457142857142857,0.43142857142857144,0.6579520697167757,1.0189523203578386,1.0,0.00802448979591841,1.0357779799818019,0.054024346679124244,0.4958949096880132,0.03454213226509269,0.6630468313185649
frozenset({'S46'}),frozenset({'S18'}),0.6457142857142857,0.6557142857142857,0.43142857142857144,0.668141592920354,1.0189523203578383,1.0,0.00802448979591841,1.0374476190476192,0.05249946592608445,0.4958949096880132,0.036095913046671486,0.6630468313185649
frozenset({'S18'}),frozenset({'S49'}),0.6557142857142857,0.67,0.4542857142857143,0.6928104575163399,1.0340454589796118,1.0,0.014957142857142836,1.074255319148936,0.09563141000548017,0.5213114754098361,0.06912259853436307,0.6854244185236283
frozenset({'S49'}),frozenset({'S18'}),0.67,0.6557142857142857,0.4542857142857143,0.6780383795309168,1.0340454589796118,1.0,0.014957142857142836,1.069337748344371,0.0997712978845053,0.5213114754098361,0.0648417662723726,0.6854244185236283
frozenset({'S52'}),frozenset({'S18'}),0.6428571428571429,0.6557142857142857,0.42428571428571427,0.6599999999999999,1.0065359477124183,1.0,0.002755102040816304,1.0126050420168065,0.018181818181818035,0.4852941176470588,0.012448132780082813,0.6535294117647059
frozenset({'S18'}),frozenset({'S52'}),0.6557142857142857,0.6428571428571429,0.42428571428571427,0.6470588235294118,1.0065359477124183,1.0,0.002755102040816304,1.0119047619047619,0.018860807242549828,0.4852941176470588,0.011764705882352901,0.6535294117647059
frozenset({'S53'}),frozenset({'S18'}),0.6185714285714285,0.6557142857142857,0.4057142857142857,0.6558891454965358,1.0002666706918846,1.0,0.00010816326530610487,1.0005081495685522,0.0006989502558420555,0.46710526315789475,0.0005078914837138953,0.6373127644694008
frozenset({'S18'}),frozenset({'S53'}),0.6557142857142857,0.6185714285714285,0.4057142857142857,0.6187363834422658,1.0002666706918846,1.0,0.00010816326530610487,1.0004326530612244,0.0007743556776341446,0.46710526315789475,0.000432465953505848,0.6373127644694008
frozenset({'S18'}),frozenset({'S55'}),0.6557142857142857,0.6371428571428571,0.42714285714285716,0.6514161220043574,1.0224019852086328,1.0,0.00935918367346944,1.040946428571429,0.06364229312091516,0.4933993399339935,0.039335769303347194,0.6609098547241519
frozenset({'S55'}),frozenset({'S18'}),0.6371428571428571,0.6557142857142857,0.42714285714285716,0.6704035874439462,1.0224019852086326,1.0,0.00935918367346944,1.0445675413022355,0.06038501040212816,0.4933993399339935,0.042666021621420656,0.6609098547241519
frozenset({'S24'}),frozenset({'S21'}),0.6314285714285715,0.6471428571428571,0.4142857142857143,0.6561085972850679,1.0138543445906125,1.0,0.005661224489795946,1.0260714285714285,0.037075648222400615,0.47933884297520674,0.025408980160111415,0.6481425988632845
frozenset({'S21'}),frozenset({'S24'}),0.6471428571428571,0.6314285714285715,0.4142857142857143,0.6401766004415012,1.0138543445906127,1.0,0.005661224489795946,1.0243120070113936,0.03872679045092857,0.47933884297520674,0.023734962438181368,0.6481425988632845
frozenset({'S26'}),frozenset({'S21'}),0.48857142857142855,0.6471428571428571,0.32857142857142857,0.672514619883041,1.039205814388805,1.0,0.012395918367346936,1.0774744897959185,0.07376730629098857,0.4070796460176991,0.07190378104505536,0.5901204445993571
frozenset({'S21'}),frozenset({'S26'}),0.6471428571428571,0.48857142857142855,0.32857142857142857,0.5077262693156733,1.0392058143888052,1.0,0.012395918367346936,1.0389109545163357,0.1069177961626474,0.4070796460176991,0.037453599220590356,0.5901204445993571
frozenset({'S35'}),frozenset({'S21'}),0.5442857142857143,0.6471428571428571,0.35285714285714287,0.6482939632545932,1.001778751166038,1.0,0.0006265306122449354,1.003272921108742,0.0038962852030004994,0.42078364565587745,0.0032622440413573052,0.5967739131946255
frozenset({'S21'}),frozenset({'S35'}),0.6471428571428571,0.5442857142857143,0.35285714285714287,0.5452538631346578,1.001778751166038,1.0,0.0006265306122449354,1.0021289875173371,0.005032044452458135,0.42078364565587745,0.0021244645588103725,0.5967739131946255
frozenset({'S42'}),frozenset({'S21'}),0.6771428571428572,0.6471428571428571,0.44142857142857145,0.6518987341772152,1.0073490373599352,1.0,0.003220408163265298,1.0136623376623377,0.022596442993384258,0.5000000000000001,0.013478194024496615,0.6670089697376143
frozenset({'S21'}),frozenset({'S42'}),0.6471428571428571,0.6771428571428572,0.44142857142857145,0.6821192052980133,1.0073490373599352,1.0,0.003220408163265298,1.015654761904762,0.020675287921072233,0.5000000000000001,0.015413467737209252,0.6670089697376143
frozenset({'S45'}),frozenset({'S21'}),0.6257142857142857,0.6471428571428571,0.4142857142857143,0.6621004566210047,1.0231132883768286,1.0,0.00935918367346944,1.0442664092664098,0.060357988944459394,0.48252911813643945,0.042389958035236014,0.651138528531253
frozenset({'S21'}),frozenset({'S45'}),0.6471428571428571,0.6257142857142857,0.4142857142857143,0.6401766004415012,1.0231132883768284,1.0,0.00935918367346944,1.040192813321648,0.06402345386011483,0.48252911813643945,0.03863977217194977,0.651138528531253
frozenset({'S51'}),frozenset({'S21'}),0.61,0.6471428571428571,0.4014285714285714,0.65807962529274,1.0169000832338146,1.0,0.00667142857142855,1.031986301369863,0.04261337713294995,0.4691151919866444,0.030994889493595176,0.6391943380326834
frozenset({'S21'}),frozenset({'S51'}),0.6471428571428571,0.61,0.4014285714285714,0.6203090507726269,1.0169000832338146,1.0,0.00667142857142855,1.0271511627906975,0.04709899577852363,0.4691151919866444,0.026433463519556135,0.6391943380326834
frozenset({'S53'}),frozenset({'S21'}),0.6185714285714285,0.6471428571428571,0.40285714285714286,0.651270207852194,1.0063778046281144,1.0,0.0025530612244898387,1.0118353831598865,0.016614869710734198,0.4668874172185431,0.011696945330104565,0.6368933820717924
frozenset({'S21'}),frozenset({'S53'}),0.6471428571428571,0.6185714285714285,0.40285714285714286,0.6225165562913907,1.0063778046281142,1.0,0.0025530612244898387,1.0104511278195487,0.017960203290550737,0.4668874172185431,0.010343031475556166,0.6368933820717924
frozenset({'S57'}),frozenset({'S21'}),0.6557142857142857,0.6471428571428571,0.43142857142857144,0.6579520697167757,1.0167029774872913,1.0,0.007087755102040849,1.0316014558689721,0.04771784232365167,0.49508196721311476,0.030633395958473583,0.6623093681917211
frozenset({'S21'}),frozenset({'S57'}),0.6471428571428571,0.6557142857142857,0.43142857142857144,0.6666666666666667,1.0167029774872913,1.0,0.007087755102040849,1.0328571428571431,0.04655870445344151,0.49508196721311476,0.03181189488243457,0.6623093681917211
frozenset({'S22'}),frozenset({'S24'}),0.67,0.6314285714285715,0.4342857142857143,0.64818763326226,1.0265415006415883,1.0,0.011228571428571366,1.0476363636363633,0.07834928229665028,0.5008237232289949,0.04547032280458143,0.6679852193460621
frozenset({'S24'}),frozenset({'S22'}),0.6314285714285715,0.67,0.4342857142857143,0.6877828054298643,1.0265415006415883,1.0,0.011228571428571366,1.0569565217391304,0.07014993880048921,0.5008237232289949,0.053887289181406714,0.6679852193460621
frozenset({'S28'}),frozenset({'S22'}),0.6428571428571429,0.67,0.4328571428571429,0.6733333333333333,1.0049751243781093,1.0,0.002142857142857113,1.010204081632653,0.013861386138613669,0.49188311688311687,0.01010101010101,0.6596943852167733
frozenset({'S22'}),frozenset({'S28'}),0.67,0.6428571428571429,0.4328571428571429,0.6460554371002132,1.0049751243781093,1.0,0.002142857142857113,1.009036144578313,0.015001500150014793,0.49188311688311687,0.008955223880596776,0.6596943852167733
frozenset({'S34'}),frozenset({'S22'}),0.51,0.67,0.34714285714285714,0.680672268907563,1.015928759563527,1.0,0.005442857142857138,1.0334210526315788,0.03199798437893673,0.4168096054888507,0.032340208810797,0.5993979681424808
frozenset({'S22'}),frozenset({'S34'}),0.67,0.51,0.34714285714285714,0.5181236673773987,1.015928759563527,1.0,0.005442857142857138,1.0168584070796458,0.0475121586232697,0.4168096054888507,0.016578913015099325,0.5993979681424808
frozenset({'S22'}),frozenset({'S37'}),0.67,0.6442857142857142,0.4357142857142857,0.650319829424307,1.0093655889069066,1.0,0.004042857142857181,1.0172560975609757,0.028117237953303797,0.49593495934959353,0.016963375891626217,0.6632973869959673
frozenset({'S37'}),frozenset({'S22'}),0.6442857142857142,0.67,0.4357142857142857,0.6762749445676276,1.0093655889069069,1.0,0.004042857142857181,1.0193835616438358,0.026084666534992675,0.49593495934959353,0.019014983538265338,0.6632973869959673
frozenset({'S22'}),frozenset({'S39'}),0.67,0.6857142857142857,0.46,0.6865671641791045,1.0012437810945274,1.0,0.0005714285714285561,1.002721088435374,0.003764351590438446,0.5135566188197767,0.0027137042062414466,0.6787002487562189
frozenset({'S39'}),frozenset({'S22'}),0.6857142857142857,0.67,0.46,0.6708333333333334,1.0012437810945274,1.0,0.0005714285714285561,1.0025316455696203,0.003952569169960368,0.5135566188197767,0.002525252525252584,0.6787002487562189
frozenset({'S22'}),frozenset({'S43'}),0.67,0.6514285714285715,0.45,0.6716417910447761,1.031029065200314,1.0,0.013542857142857079,1.0615584415584411,0.09119769119769076,0.5163934426229507,0.05798874480058695,0.6812156323644933
frozenset({'S43'}),frozenset({'S22'}),0.6514285714285715,0.67,0.45,0.6907894736842105,1.0310290652003142,1.0,0.013542857142857079,1.0672340425531912,0.08633879781420725,0.5163934426229507,0.0629984051036681,0.6812156323644933
frozenset({'S22'}),frozenset({'S51'}),0.67,0.61,0.41,0.6119402985074626,1.0031808172253485,1.0,0.0012999999999999678,1.0049999999999997,0.009608277900960593,0.4712643678160919,0.004975124378109177,0.6420357230242231
frozenset({'S51'}),frozenset({'S22'}),0.61,0.67,0.41,0.6721311475409836,1.0031808172253485,1.0,0.0012999999999999678,1.0064999999999997,0.008130081300812808,0.4712643678160919,0.00645802285146526,0.6420357230242231
frozenset({'S53'}),frozenset({'S22'}),0.6185714285714285,0.67,0.42142857142857143,0.6812933025404158,1.0168556754334563,1.0,0.006985714285714262,1.0354347826086956,0.043458388878308746,0.485996705107084,0.03422212891035066,0.6551455851721268
frozenset({'S22'}),frozenset({'S53'}),0.67,0.6185714285714285,0.42142857142857143,0.6289978678038379,1.0168556754334563,1.0,0.006985714285714262,1.028103448275862,0.050231124807395826,0.485996705107084,0.027335233942646312,0.6551455851721268
frozenset({'S31'}),frozenset({'S23'}),0.62,0.6185714285714285,0.3914285714285714,0.6313364055299538,1.020636221411011,1.0,0.007914285714285707,1.034625,0.05320783711102569,0.4620573355817876,0.03346623172647082,0.6320654314023904
frozenset({'S23'}),frozenset({'S31'}),0.6185714285714285,0.62,0.3914285714285714,0.6327944572748267,1.020636221411011,1.0,0.007914285714285707,1.0348427672955973,0.05300855682222035,0.4620573355817876,0.03366962440743883,0.6320654314023904
frozenset({'S34'}),frozenset({'S23'}),0.51,0.6185714285714285,0.32285714285714284,0.6330532212885154,1.0234116741384776,1.0,0.007385714285714273,1.0394656488549618,0.0466859310095719,0.400709219858156,0.037967246823823145,0.5774965875495695
frozenset({'S23'}),frozenset({'S34'}),0.6185714285714285,0.51,0.32285714285714284,0.5219399538106235,1.0234116741384776,1.0,0.007385714285714273,1.024975845410628,0.05997481024825153,0.400709219858156,0.02436725267474187,0.5774965875495695
frozenset({'S35'}),frozenset({'S23'}),0.5442857142857143,0.6185714285714285,0.34,0.6246719160104988,1.0098622198784044,1.0,0.0033204081632653426,1.0162537462537464,0.021429888569848236,0.41319444444444453,0.015993787293442502,0.5871627478435866
frozenset({'S23'}),frozenset({'S35'}),0.6185714285714285,0.5442857142857143,0.34,0.5496535796766744,1.0098622198784044,1.0,0.0033204081632653426,1.011919413919414,0.02560349982689733,0.41319444444444453,0.011779014964489302,0.5871627478435866
frozenset({'S23'}),frozenset({'S37'}),0.6185714285714285,0.6442857142857142,0.41,0.6628175519630485,1.028763384421583,1.0,0.011463265306122461,1.0549608610567516,0.07330123060460146,0.4807370184254605,0.05209753563909223,0.6495905941633424
frozenset({'S37'}),frozenset({'S23'}),0.6442857142857142,0.6185714285714285,0.41,0.6363636363636364,1.028763384421583,1.0,0.011463265306122461,1.0489285714285714,0.07860011474469313,0.4807370184254605,0.04664623765747364,0.6495905941633424
frozenset({'S23'}),frozenset({'S43'}),0.6185714285714285,0.6514285714285715,0.4042857142857143,0.6535796766743649,1.0033021352457354,1.0,0.001330612244897944,1.0062095238095237,0.008628789984251036,0.46699669966996704,0.006171203573997539,0.6370968558810421
frozenset({'S43'}),frozenset({'S23'}),0.6514285714285715,0.6185714285714285,0.4042857142857143,0.6206140350877193,1.0033021352457356,1.0,0.001330612244897944,1.005383980181668,0.009442159531946832,0.46699669966996704,0.005355148170050615,0.6370968558810421
frozenset({'S45'}),frozenset({'S23'}),0.6257142857142857,0.6185714285714285,0.38857142857142857,0.6210045662100457,1.0039334788615057,1.0,0.0015224489795918617,1.0064199655765924,0.010468118545128144,0.4540901502504174,0.006379012535700494,0.6245900429202653
frozenset({'S23'}),frozenset({'S45'}),0.6185714285714285,0.6257142857142857,0.38857142857142857,0.628175519630485,1.0039334788615057,1.0,0.0015224489795918617,1.0066193433895299,0.01027208636263511,0.4540901502504174,0.006575815806639473,0.6245900429202653
frozenset({'S47'}),frozenset({'S23'}),0.6757142857142857,0.6185714285714285,0.42857142857142855,0.6342494714587738,1.0253455658686874,1.0,0.010593877551020425,1.0428654004954583,0.07622613803230556,0.49504950495049505,0.041103483225249586,0.663545059055022
frozenset({'S23'}),frozenset({'S47'}),0.6185714285714285,0.6757142857142857,0.42857142857142855,0.6928406466512702,1.0253455658686874,1.0,0.010593877551020425,1.0557572502685284,0.06480649188514367,0.49504950495049505,0.05281256676603149,0.663545059055022
frozenset({'S23'}),frozenset({'S49'}),0.6185714285714285,0.67,0.41714285714285715,0.674364896073903,1.0065147702595567,1.0,0.00269999999999998,1.013404255319149,0.01696937047868234,0.47868852459016387,0.013226957799706068,0.6484830876958001
frozenset({'S49'}),frozenset({'S23'}),0.67,0.6185714285714285,0.41714285714285715,0.6226012793176972,1.0065147702595567,1.0,0.00269999999999998,1.0106779661016947,0.019613947696139337,0.47868852459016387,0.01056515176924353,0.6484830876958001
frozenset({'S53'}),frozenset({'S23'}),0.6185714285714285,0.6185714285714285,0.3842857142857143,0.6212471131639723,1.00432558710111,1.0,0.0016551020408163697,1.0070644599303136,0.011291647522381704,0.45058626465661644,0.007014903426144657,0.6212471131639723
frozenset({'S23'}),frozenset({'S53'}),0.6185714285714285,0.6185714285714285,0.3842857142857143,0.6212471131639723,1.00432558710111,1.0,0.0016551020408163697,1.0070644599303136,0.011291647522381704,0.45058626465661644,0.007014903426144657,0.6212471131639723
frozenset({'S56'}),frozenset({'S23'}),0.65,0.6185714285714285,0.4114285714285714,0.6329670329670329,1.0232723396695682,1.0,0.009357142857142842,1.0392215568862275,0.06498015873015862,0.48,0.03774128493229615,0.6490470268761261
frozenset({'S23'}),frozenset({'S56'}),0.6185714285714285,0.65,0.4114285714285714,0.6651270207852195,1.0232723396695684,1.0,0.009357142857142842,1.0451724137931035,0.05962598834789836,0.48,0.04322005938634125,0.6490470268761261
frozenset({'S57'}),frozenset({'S23'}),0.6557142857142857,0.6185714285714285,0.4114285714285714,0.6274509803921569,1.014354933659376,1.0,0.005822448979591832,1.0238345864661655,0.04110477178423234,0.4768211920529802,0.023279723874568586,0.6462890005886881
frozenset({'S23'}),frozenset({'S57'}),0.6185714285714285,0.6557142857142857,0.4114285714285714,0.6651270207852195,1.014354933659376,1.0,0.005822448979591832,1.0281083743842367,0.037102059925093606,0.4768211920529802,0.02733989439690305,0.6462890005886881
frozenset({'S24'}),frozenset({'S25'}),0.6314285714285715,0.6514285714285715,0.4157142857142857,0.6583710407239819,1.0106572993569898,1.0,0.004383673469387728,1.020321665089877,0.02861024534484119,0.4794069192751235,0.01991692010978401,0.6482644677304119
frozenset({'S25'}),frozenset({'S24'}),0.6514285714285715,0.6314285714285715,0.4157142857142857,0.638157894736842,1.0106572993569896,1.0,0.004383673469387728,1.0185974025974023,0.03025181679905339,0.4794069192751235,0.018257853937168254,0.6482644677304119
frozenset({'S24'}),frozenset({'S32'}),0.6314285714285715,0.6085714285714285,0.3871428571428571,0.6131221719457013,1.0074777473286172,1.0,0.0028734693877550677,1.0117627401837928,0.020137875797362384,0.45393634840871017,0.01162598672259461,0.6246362033437427
frozenset({'S32'}),frozenset({'S24'}),0.6085714285714285,0.6314285714285715,0.3871428571428571,0.636150234741784,1.0074777473286172,1.0,0.0028734693877550677,1.0129769585253454,0.018961941444231734,0.45393634840871017,0.012810714415692977,0.6246362033437427
frozenset({'S35'}),frozenset({'S24'}),0.5442857142857143,0.6314285714285715,0.3457142857142857,0.6351706036745407,1.0059262954121686,1.0,0.002036734693877551,1.010256937307297,0.012927796056892666,0.41652323580034417,0.010152800667358434,0.5913409579458676
frozenset({'S24'}),frozenset({'S35'}),0.6314285714285715,0.5442857142857143,0.3457142857142857,0.5475113122171945,1.0059262954121684,1.0,0.002036734693877551,1.0071285714285714,0.01598436799282465,0.41652323580034417,0.007078114583185502,0.5913409579458676
frozenset({'S24'}),frozenset({'S40'}),0.6314285714285715,0.63,0.4,0.6334841628959276,1.0055304172951232,1.0,0.0021999999999999797,1.009506172839506,0.0149224806201549,0.4643449419568822,0.009416656475479911,0.6342023989082812
frozenset({'S40'}),frozenset({'S24'}),0.63,0.6314285714285715,0.4,0.634920634920635,1.0055304172951232,1.0,0.0021999999999999797,1.0095652173913046,0.014864864864864729,0.4643449419568822,0.009474590869939854,0.6342023989082812
frozenset({'S24'}),frozenset({'S41'}),0.6314285714285715,0.6357142857142857,0.40285714285714286,0.6380090497737556,1.0036097412171436,1.0,0.0014489795918367632,1.0063392857142857,0.00975864533509283,0.4661157024793388,0.006299352320113543,0.6358584574711474
frozenset({'S41'}),frozenset({'S24'}),0.6357142857142857,0.6314285714285715,0.40285714285714286,0.6337078651685394,1.0036097412171439,1.0,0.0014489795918367632,1.0062226117440842,0.009873452927270392,0.4661157024793388,0.006184130302238586,0.6358584574711474
frozenset({'S24'}),frozenset({'S43'}),0.6314285714285715,0.6514285714285715,0.41714285714285715,0.6606334841628959,1.0141303484956734,1.0,0.005812244897959173,1.0271238095238093,0.03780397154083035,0.48184818481848185,0.026407536532898,0.6504921806779391
frozenset({'S43'}),frozenset({'S24'}),0.6514285714285715,0.6314285714285715,0.41714285714285715,0.6403508771929824,1.0141303484956736,1.0,0.005812244897959173,1.0248083623693378,0.03997305187514028,0.48184818481848185,0.024207806337549223,0.6504921806779391
frozenset({'S44'}),frozenset({'S24'}),0.6342857142857142,0.6314285714285715,0.40285714285714286,0.6351351351351352,1.0058701235171823,1.0,0.0023510204081632624,1.0101587301587303,0.015957446808510616,0.4668874172185431,0.010056568196103193,0.6365720924544453
frozenset({'S24'}),frozenset({'S44'}),0.6314285714285715,0.6342857142857142,0.40285714285714286,0.6380090497737556,1.0058701235171823,1.0,0.0023510204081632624,1.0102857142857142,0.01583374567046015,0.4668874172185431,0.010180995475113145,0.6365720924544453
frozenset({'S24'}),frozenset({'S48'}),0.6314285714285715,0.6328571428571429,0.41714285714285715,0.6606334841628959,1.0438903812957723,1.0,0.017538775510204052,1.081847619047619,0.11407560794308148,0.4924114671163575,0.07565540433473585,0.659887848176256
frozenset({'S48'}),frozenset({'S24'}),0.6328571428571429,0.6314285714285715,0.41714285714285715,0.6591422121896162,1.0438903812957723,1.0,0.017538775510204052,1.081305581835383,0.1145194819039495,0.4924114671163575,0.07519204857647806,0.659887848176256
frozenset({'S24'}),frozenset({'S51'}),0.6314285714285715,0.61,0.3914285714285714,0.6199095022624433,1.0162450856761367,1.0,0.00625714285714285,1.0260714285714283,0.0433712442709217,0.4605042016806722,0.025408980160111175,0.6307978424661163
frozenset({'S51'}),frozenset({'S24'}),0.61,0.6314285714285715,0.3914285714285714,0.6416861826697892,1.0162450856761367,1.0,0.00625714285714285,1.0286274509803919,0.0409882088714205,0.4605042016806722,0.02783072817384651,0.6307978424661163
frozenset({'S24'}),frozenset({'S55'}),0.6314285714285715,0.6371428571428571,0.40285714285714286,0.6380090497737556,1.001359495160603,1.0,0.0005469387755102084,1.002392857142857,0.003683544999725138,0.46534653465346526,0.002387145045783234,0.6351480226447254
frozenset({'S55'}),frozenset({'S24'}),0.6371428571428571,0.6314285714285715,0.40285714285714286,0.6322869955156951,1.001359495160603,1.0,0.0005469387755102084,1.0023344947735193,0.0037415535823979744,0.46534653465346526,0.0023290576007231247,0.6351480226447254
frozenset({'S25'}),frozenset({'S33'}),0.6514285714285715,0.6085714285714285,0.4057142857142857,0.6228070175438596,1.023391812865497,1.0,0.009273469387755084,1.0377408637873753,0.06557377049180316,0.4749163879598662,0.03636829299526179,0.644736842105263
frozenset({'S33'}),frozenset({'S25'}),0.6085714285714285,0.6514285714285715,0.4057142857142857,0.6666666666666666,1.0233918128654969,1.0,0.009273469387755084,1.0457142857142854,0.058394160583941486,0.4749163879598662,0.043715846994535304,0.644736842105263
frozenset({'S36'}),frozenset({'S25'}),0.6171428571428571,0.6514285714285715,0.4042857142857143,0.6550925925925927,1.0056245938921378,1.0,0.002261224489795932,1.0106232023010548,0.014608934127946924,0.4677685950413223,0.010511536126290338,0.637853313840156
frozenset({'S25'}),frozenset({'S36'}),0.6514285714285715,0.6171428571428571,0.4042857142857143,0.6206140350877193,1.0056245938921378,1.0,0.002261224489795932,1.0091494632535096,0.016045878468400724,0.4677685950413223,0.009066509557475844,0.637853313840156
frozenset({'S25'}),frozenset({'S37'}),0.6514285714285715,0.6442857142857142,0.42428571428571427,0.6513157894736842,1.0109114249037228,1.0,0.0045795918367346755,1.0201617250673856,0.03096539162112921,0.48688524590163923,0.019763263580638388,0.6549261874197689
frozenset({'S37'}),frozenset({'S25'}),0.6442857142857142,0.6514285714285715,0.42428571428571427,0.6585365853658537,1.0109114249037228,1.0,0.0045795918367346755,1.0208163265306123,0.030343596608656726,0.48688524590163923,0.020391843262694897,0.6549261874197689
frozenset({'S25'}),frozenset({'S38'}),0.6514285714285715,0.62,0.41285714285714287,0.6337719298245614,1.0222127900396152,1.0,0.008971428571428575,1.0376047904191619,0.062340461739179794,0.480865224625624,0.036241920590951146,0.6498352736680411
frozenset({'S38'}),frozenset({'S25'}),0.62,0.6514285714285715,0.41285714285714287,0.6658986175115208,1.0222127900396152,1.0,0.008971428571428575,1.0433103448275862,0.057184483700601,0.480865224625624,0.04151242728714972,0.6498352736680411
frozenset({'S52'}),frozenset({'S25'}),0.6428571428571429,0.6514285714285715,0.42428571428571427,0.6599999999999999,1.0131578947368418,1.0,0.005510204081632553,1.0252100840336131,0.0363636363636357,0.48768472906403926,0.02459016393442589,0.6556578947368421
frozenset({'S25'}),frozenset({'S52'}),0.6514285714285715,0.6428571428571429,0.42428571428571427,0.6513157894736842,1.013157894736842,1.0,0.005510204081632553,1.0242587601078166,0.03725782414306937,0.48768472906403926,0.02368421052631558,0.6556578947368421
frozenset({'S58'}),frozenset({'S25'}),0.6857142857142857,0.6514285714285715,0.4471428571428571,0.6520833333333333,1.0010051169590644,1.0,0.00044897959183670677,1.0018819503849443,0.0031948881789135393,0.5024077046548956,0.001878415300546378,0.6692434210526316
frozenset({'S25'}),frozenset({'S58'}),0.6514285714285715,0.6857142857142857,0.4471428571428571,0.6864035087719298,1.0010051169590644,1.0,0.00044897959183670677,1.002197802197802,0.002880636882626962,0.5024077046548956,0.0021929824561402315,0.6692434210526316
frozenset({'S59'}),frozenset({'S25'}),0.5157142857142857,0.6514285714285715,0.3457142857142857,0.6703601108033241,1.029061573601594,1.0,0.009763265306122426,1.0574309723889557,0.05831443964991819,0.42086956521739116,0.05431179328822488,0.6005309325946445
frozenset({'S25'}),frozenset({'S59'}),0.6514285714285715,0.5157142857142857,0.3457142857142857,0.5307017543859649,1.029061573601594,1.0,0.009763265306122426,1.031935914552737,0.08101883213656669,0.42086956521739116,0.030947575428246166,0.6005309325946445
frozenset({'S28'}),frozenset({'S26'}),0.6428571428571429,0.48857142857142855,0.32,0.49777777777777776,1.018843404808317,1.0,0.005918367346938791,1.0183312262958282,0.05178571428571443,0.3943661971830986,0.01800124146492864,0.576374269005848
frozenset({'S26'}),frozenset({'S28'}),0.48857142857142855,0.6428571428571429,0.32,0.6549707602339182,1.018843404808317,1.0,0.005918367346938791,1.0351089588377724,0.0361632083000799,0.3943661971830986,0.03391812865497084,0.576374269005848
frozenset({'S26'}),frozenset({'S33'}),0.48857142857142855,0.6085714285714285,0.3028571428571429,0.6198830409356726,1.0185871564670677,1.0,0.005526530612244951,1.029758241758242,0.035680404764414794,0.3812949640287771,0.02889827976266728,0.5587678115476485
frozenset({'S33'}),frozenset({'S26'}),0.6085714285714285,0.48857142857142855,0.3028571428571429,0.4976525821596245,1.0185871564670677,1.0,0.005526530612244951,1.0180774365821097,0.04661892301335949,0.3812949640287771,0.017756445563511622,0.5587678115476485
frozenset({'S36'}),frozenset({'S26'}),0.6171428571428571,0.48857142857142855,0.3142857142857143,0.5092592592592593,1.042343513103747,1.0,0.012767346938775515,1.042156334231806,0.10610583446404345,0.39711191335740076,0.04045106559073052,0.5762670565302145
frozenset({'S26'}),frozenset({'S36'}),0.48857142857142855,0.6171428571428571,0.3142857142857143,0.6432748538011697,1.0423435131037473,1.0,0.012767346938775515,1.0732552693208435,0.0794311833417979,0.39711191335740076,0.06825521515230892,0.5762670565302145
frozenset({'S38'}),frozenset({'S26'}),0.62,0.48857142857142855,0.31142857142857144,0.5023041474654378,1.0281079041690249,1.0,0.008514285714285752,1.0275925925925928,0.07194591984548558,0.3906810035842294,0.026851684988286315,0.5698655240251166
frozenset({'S26'}),frozenset({'S38'}),0.48857142857142855,0.62,0.31142857142857144,0.6374269005847953,1.0281079041690246,1.0,0.008514285714285752,1.0480645161290323,0.0534570242427351,0.3906810035842294,0.045860264696829856,0.5698655240251166
frozenset({'S42'}),frozenset({'S26'}),0.6771428571428572,0.48857142857142855,0.3357142857142857,0.4957805907172995,1.0147555950354084,1.0,0.004881632653061185,1.0142976688583383,0.04503859913387274,0.40447504302925985,0.01409612710086503,0.591457546820638
frozenset({'S26'}),frozenset({'S42'}),0.48857142857142855,0.6771428571428572,0.3357142857142857,0.6871345029239766,1.0147555950354084,1.0,0.004881632653061185,1.031935914552737,0.028432188280042566,0.40447504302925985,0.030947575428246055,0.591457546820638
frozenset({'S26'}),frozenset({'S43'}),0.48857142857142855,0.6514285714285715,0.32285714285714284,0.6608187134502924,1.0144146917000103,1.0,0.004587755102040791,1.0276847290640394,0.027784644287338556,0.395104895104895,0.026938932029527313,0.5782163742690059
frozenset({'S43'}),frozenset({'S26'}),0.6514285714285715,0.48857142857142855,0.32285714285714284,0.49561403508771923,1.01441469170001,1.0,0.004587755102040791,1.0139627329192544,0.04076599448716067,0.395104895104895,0.0137704596687248,0.5782163742690059
frozenset({'S45'}),frozenset({'S26'}),0.6257142857142857,0.48857142857142855,0.31285714285714283,0.5,1.023391812865497,1.0,0.007151020408163289,1.022857142857143,0.061068702290076535,0.3903743315508021,0.022346368715083848,0.5701754385964912
frozenset({'S26'}),frozenset({'S45'}),0.48857142857142855,0.6257142857142857,0.31285714285714283,0.6403508771929824,1.023391812865497,1.0,0.007151020408163289,1.0406968641114984,0.044692737430167745,0.3903743315508021,0.039105397080487575,0.5701754385964912
frozenset({'S26'}),frozenset({'S48'}),0.48857142857142855,0.6328571428571429,0.31142857142857144,0.6374269005847953,1.0072208361385027,1.0,0.002232653061224499,1.0126036866359447,0.01401773358618221,0.3844797178130511,0.012446810931349075,0.5647631116919463
frozenset({'S48'}),frozenset({'S26'}),0.6328571428571429,0.48857142857142855,0.31142857142857144,0.49209932279909707,1.0072208361385029,1.0,0.002232653061224499,1.0069460317460317,0.01952664834184137,0.3844797178130511,0.006898117204938459,0.5647631116919463
frozenset({'S54'}),frozenset({'S26'}),0.6442857142857142,0.48857142857142855,0.32857142857142857,0.5099778270509978,1.0438142658938552,1.0,0.013791836734693919,1.0436845507433743,0.11800244456085245,0.40852575488454707,0.0418560864125656,0.5912462234670194
frozenset({'S26'}),frozenset({'S54'}),0.48857142857142855,0.6442857142857142,0.32857142857142857,0.672514619883041,1.0438142658938552,1.0,0.013791836734693919,1.086198979591837,0.0820743259655091,0.40852575488454707,0.07935836914911124,0.5912462234670194
frozenset({'S26'}),frozenset({'S55'}),0.48857142857142855,0.6371428571428571,0.31142857142857144,0.6374269005847953,1.000445808092728,1.0,0.0001387755102041366,1.000783410138249,0.0008713033673315941,0.3824561403508772,0.0007827968872313144,0.5631080691264784
frozenset({'S55'}),frozenset({'S26'}),0.6371428571428571,0.48857142857142855,0.31142857142857144,0.48878923766816146,1.000445808092728,1.0,0.0001387755102041366,1.0004260651629076,0.0012280575019870499,0.3824561403508772,0.00042588370869563934,0.5631080691264784
frozenset({'S28'}),frozenset({'S31'}),0.6428571428571429,0.62,0.3985714285714286,0.62,1.0,1.0,0.0,1.0,0.0,0.46115702479338844,0.0,0.6314285714285715
frozenset({'S31'}),frozenset({'S28'}),0.62,0.6428571428571429,0.3985714285714286,0.6428571428571429,1.0,1.0,0.0,1.0,0.0,0.46115702479338844,0.0,0.6314285714285715
frozenset({'S28'}),frozenset({'S33'}),0.6428571428571429,0.6085714285714285,0.39714285714285713,0.6177777777777778,1.0151278038601983,1.0,0.0059183673469387355,1.0240863787375416,0.0417266187050357,0.46488294314381273,0.02351987023519873,0.6351799687010955
frozenset({'S33'}),frozenset({'S28'}),0.6085714285714285,0.6428571428571429,0.39714285714285713,0.6525821596244131,1.015127803860198,1.0,0.0059183673469387355,1.0279922779922779,0.038071732395105556,0.46488294314381273,0.027230046948356627,0.6351799687010955
frozenset({'S34'}),frozenset({'S28'}),0.51,0.6428571428571429,0.32857142857142857,0.6442577030812324,1.0021786492374727,1.0,0.0007142857142856673,1.0039370078740155,0.004436557231587996,0.39861351819757357,0.003921568627450656,0.5776844070961717
frozenset({'S28'}),frozenset({'S34'}),0.6428571428571429,0.51,0.32857142857142857,0.5111111111111111,1.0021786492374727,1.0,0.0007142857142856673,1.0022727272727272,0.006086956521738731,0.39861351819757357,0.002267573696145026,0.5776844070961717
frozenset({'S35'}),frozenset({'S28'}),0.5442857142857143,0.6428571428571429,0.35,0.6430446194225722,1.00029163021289,1.0,0.00010204081632647632,1.0005252100840334,0.0006397543343352747,0.4180887372013651,0.0005249343832019805,0.5937445319335083
frozenset({'S28'}),frozenset({'S35'}),0.6428571428571429,0.5442857142857143,0.35,0.5444444444444444,1.00029163021289,1.0,0.00010204081632647632,1.000348432055749,0.0008163265306118108,0.4180887372013651,0.0003483106931382294,0.5937445319335083
frozenset({'S28'}),frozenset({'S39'}),0.6428571428571429,0.6857142857142857,0.44285714285714284,0.6888888888888888,1.0046296296296295,1.0,0.002040816326530581,1.0102040816326527,0.012903225806451419,0.4999999999999999,0.010101010101009712,0.6673611111111111
frozenset({'S39'}),frozenset({'S28'}),0.6857142857142857,0.6428571428571429,0.44285714285714284,0.6458333333333333,1.0046296296296295,1.0,0.002040816326530581,1.0084033613445376,0.014662756598240246,0.4999999999999999,0.008333333333332993,0.6673611111111111
frozenset({'S45'}),frozenset({'S28'}),0.6257142857142857,0.6428571428571429,0.4142857142857143,0.6621004566210047,1.0299340436326738,1.0,0.012040816326530646,1.0569498069498071,0.07765201368781278,0.48494983277591974,0.05388127853881302,0.6532724505327245
frozenset({'S28'}),frozenset({'S45'}),0.6428571428571429,0.6257142857142857,0.4142857142857143,0.6444444444444445,1.0299340436326738,1.0,0.012040816326530646,1.0526785714285716,0.08137931034482782,0.48494983277591974,0.05004240882103501,0.6532724505327245
frozenset({'S28'}),frozenset({'S46'}),0.6428571428571429,0.6457142857142857,0.4157142857142857,0.6466666666666666,1.0014749262536873,1.0,0.0006122448979591355,1.0026954177897573,0.004123711340205862,0.4762684124386251,0.00268817204301068,0.64523598820059
frozenset({'S46'}),frozenset({'S28'}),0.6457142857142857,0.6428571428571429,0.4157142857142857,0.6438053097345133,1.0014749262536873,1.0,0.0006122448979591355,1.002661934338953,0.004156967076820424,0.4762684124386251,0.002654867256637195,0.64523598820059
frozenset({'S50'}),frozenset({'S28'}),0.6457142857142857,0.6428571428571429,0.4157142857142857,0.6438053097345133,1.0014749262536873,1.0,0.0006122448979591355,1.002661934338953,0.004156967076820424,0.4762684124386251,0.002654867256637195,0.64523598820059
frozenset({'S28'}),frozenset({'S50'}),0.6428571428571429,0.6457142857142857,0.4157142857142857,0.6466666666666666,1.0014749262536873,1.0,0.0006122448979591355,1.0026954177897573,0.004123711340205862,0.4762684124386251,0.00268817204301068,0.64523598820059
frozenset({'S28'}),frozenset({'S56'}),0.6428571428571429,0.65,0.4185714285714286,0.6511111111111111,1.0017094017094017,1.0,0.0007142857142856673,1.003184713375796,0.004778156996586717,0.47875816993464054,0.0031746031746030367,0.6475335775335775
frozenset({'S56'}),frozenset({'S28'}),0.65,0.6428571428571429,0.4185714285714286,0.643956043956044,1.0017094017094017,1.0,0.0007142857142856673,1.0030864197530864,0.0048756704046803235,0.47875816993464054,0.0030769230769230665,0.6475335775335775
frozenset({'S59'}),frozenset({'S28'}),0.5157142857142857,0.6428571428571429,0.3414285714285714,0.6620498614958449,1.0298553401046475,1.0,0.009897959183673477,1.056791569086651,0.059861023685217465,0.4178321678321678,0.053739612188365544,0.596580486303478
frozenset({'S28'}),frozenset({'S59'}),0.6428571428571429,0.5157142857142857,0.3414285714285714,0.5311111111111111,1.0298553401046475,1.0,0.009897959183673477,1.0328368314150305,0.08117154811715489,0.4178321678321678,0.03179285480170438,0.596580486303478
frozenset({'S30'}),frozenset({'S46'}),0.4442857142857143,0.6457142857142857,0.30142857142857143,0.6784565916398714,1.0507071109467034,1.0,0.01454693877551022,1.1018285714285716,0.08684316329389988,0.38224637681159424,0.09241779898350799,0.5726353754659534
frozenset({'S46'}),frozenset({'S30'}),0.6457142857142857,0.4442857142857143,0.30142857142857143,0.4668141592920354,1.0507071109467034,1.0,0.01454693877551022,1.0422525192649674,0.13621770371502842,0.38224637681159424,0.04053961826330278,0.5726353754659534
frozenset({'S30'}),frozenset({'S47'}),0.4442857142857143,0.6757142857142857,0.30857142857142855,0.6945337620578778,1.0278512334894596,1.0,0.008361224489795926,1.0616090225563908,0.04875987813005813,0.38028169014084495,0.058033627491253,0.5755966907540975
frozenset({'S47'}),frozenset({'S30'}),0.6757142857142857,0.4442857142857143,0.30857142857142855,0.4566596194503171,1.0278512334894596,1.0,0.008361224489795926,1.0227737632017786,0.08355767661935071,0.38028169014084495,0.02226666739131608,0.5755966907540975
frozenset({'S52'}),frozenset({'S30'}),0.6428571428571429,0.4442857142857143,0.30428571428571427,0.4733333333333333,1.065380493033226,1.0,0.01867346938775505,1.055153707052441,0.17183098591549248,0.38868613138686126,0.05227077977720641,0.5791103965702036
frozenset({'S30'}),frozenset({'S52'}),0.4442857142857143,0.6428571428571429,0.30428571428571427,0.6848874598070739,1.065380493033226,1.0,0.01867346938775505,1.1333819241982503,0.11043122488142189,0.38868613138686126,0.11768488745980676,0.5791103965702036
frozenset({'S58'}),frozenset({'S30'}),0.6857142857142857,0.4442857142857143,0.31285714285714283,0.45625,1.0269292604501608,1.0,0.008204081632653015,1.0220032840722497,0.08343711083437065,0.38286713286713286,0.021529562982005125,0.5802150321543408
frozenset({'S30'}),frozenset({'S58'}),0.4442857142857143,0.6857142857142857,0.31285714285714283,0.7041800643086816,1.0269292604501608,1.0,0.008204081632653015,1.062422360248447,0.04718808324823019,0.38286713286713286,0.05875475007307789,0.5802150321543408
frozenset({'S31'}),frozenset({'S32'}),0.62,0.6085714285714285,0.3871428571428571,0.6244239631336406,1.026048765712555,1.0,0.009828571428571409,1.0422085889570554,0.06680908914352289,0.4601018675721561,0.04049917588886284,0.6302870989377123
frozenset({'S32'}),frozenset({'S31'}),0.6085714285714285,0.62,0.3871428571428571,0.636150234741784,1.0260487657125548,1.0,0.009828571428571409,1.0443870967741935,0.064858458803566,0.4601018675721561,0.042500617741536864,0.6302870989377123
frozenset({'S31'}),frozenset({'S33'}),0.62,0.6085714285714285,0.38142857142857145,0.6152073732718895,1.0109041344843255,1.0,0.004114285714285737,1.0172455089820363,0.0283855706682438,0.4502529510961214,0.016953143395338106,0.6209839683260856
frozenset({'S33'}),frozenset({'S31'}),0.6085714285714285,0.62,0.38142857142857145,0.6267605633802817,1.0109041344843255,1.0,0.004114285714285737,1.01811320754717,0.02755679488230967,0.4502529510961214,0.017790956263899337,0.6209839683260856
frozenset({'S31'}),frozenset({'S43'}),0.62,0.6514285714285715,0.4114285714285714,0.663594470046083,1.0186757215619695,1.0,0.007542857142857129,1.0361643835616439,0.048245614035087626,0.478405315614618,0.034902168164992,0.647586708707252
frozenset({'S43'}),frozenset({'S31'}),0.6514285714285715,0.62,0.4114285714285714,0.631578947368421,1.0186757215619693,1.0,0.007542857142857129,1.0314285714285714,0.05259562841530045,0.478405315614618,0.030470914127423743,0.647586708707252
frozenset({'S45'}),frozenset({'S31'}),0.6257142857142857,0.62,0.39714285714285713,0.634703196347032,1.0237148328177936,1.0,0.009200000000000041,1.0402500000000001,0.06189247075621973,0.4680134680134681,0.038692621965873655,0.6376280958693685
frozenset({'S31'}),frozenset({'S45'}),0.62,0.6257142857142857,0.39714285714285713,0.6405529953917051,1.0237148328177936,1.0,0.009200000000000041,1.0412820512820513,0.06096175691026154,0.4680134680134681,0.03964540753509001,0.6376280958693685
frozenset({'S47'}),frozenset({'S31'}),0.6757142857142857,0.62,0.4228571428571429,0.6257928118393234,1.0093432449021347,1.0,0.003914285714285759,1.0154802259887006,0.028545064888677547,0.48445171849427165,0.015244241682430139,0.6539102308044544
frozenset({'S31'}),frozenset({'S47'}),0.62,0.6757142857142857,0.4228571428571429,0.6820276497695853,1.0093432449021347,1.0,0.003914285714285759,1.0198550724637683,0.024359886201991744,0.48445171849427165,0.01946852351854498,0.6539102308044544
frozenset({'S31'}),frozenset({'S49'}),0.62,0.67,0.42714285714285716,0.6889400921658987,1.0282687942774607,1.0,0.01174285714285711,1.060888888888889,0.07234641788417512,0.4950331125827815,0.057394218684541365,0.6632333723089621
frozenset({'S49'}),frozenset({'S31'}),0.67,0.62,0.42714285714285716,0.6375266524520256,1.0282687942774607,1.0,0.01174285714285711,1.0483529411764705,0.0833079963514744,0.4950331125827815,0.04612276961059358,0.6632333723089621
frozenset({'S31'}),frozenset({'S56'}),0.62,0.65,0.4085714285714286,0.6589861751152074,1.0138248847926268,1.0,0.0055714285714285605,1.0263513513513514,0.035885167464114756,0.47429519071310117,0.025674786043449672,0.6437788018433179
frozenset({'S56'}),frozenset({'S31'}),0.65,0.62,0.4085714285714286,0.6285714285714286,1.0138248847926268,1.0,0.0055714285714285605,1.023076923076923,0.03896103896103889,0.47429519071310117,0.022556390977443587,0.6437788018433179
frozenset({'S57'}),frozenset({'S31'}),0.6557142857142857,0.62,0.42,0.6405228758169934,1.033101412608054,1.0,0.013457142857142834,1.0570909090909089,0.09306461173681074,0.49081803005008334,0.05400756793945635,0.6589711153278515
frozenset({'S31'}),frozenset({'S57'}),0.62,0.6557142857142857,0.42,0.6774193548387096,1.033101412608054,1.0,0.013457142857142834,1.0672857142857142,0.08431793770139621,0.49081803005008334,0.06304376924106538,0.6589711153278515
frozenset({'S38'}),frozenset({'S32'}),0.62,0.6085714285714285,0.38857142857142857,0.6267281105990783,1.0298349235196123,1.0,0.011257142857142854,1.048641975308642,0.07623839009287925,0.4625850340136054,0.04638568401224388,0.6326128815906189
frozenset({'S32'}),frozenset({'S38'}),0.6085714285714285,0.62,0.38857142857142857,0.6384976525821596,1.0298349235196123,1.0,0.011257142857142854,1.0511688311688312,0.07401245169600686,0.4625850340136054,0.04867803311094639,0.6326128815906189
frozenset({'S39'}),frozenset({'S32'}),0.6857142857142857,0.6085714285714285,0.42142857142857143,0.6145833333333334,1.0098787167449141,1.0,0.004122448979591853,1.0155984555984559,0.031124807395993957,0.48281505728314245,0.015358880778588978,0.6535357981220657
frozenset({'S32'}),frozenset({'S39'}),0.6085714285714285,0.6857142857142857,0.42142857142857143,0.6924882629107981,1.009878716744914,1.0,0.004122448979591853,1.0220283533260632,0.02499072126685646,0.48281505728314245,0.02155356380708492,0.6535357981220657
frozenset({'S42'}),frozenset({'S32'}),0.6771428571428572,0.6085714285714285,0.41285714285714287,0.609704641350211,1.0018620867256989,1.0,0.0007673469387755594,1.0029034749034749,0.005756805585326639,0.4729950900163667,0.0028950691428748006,0.6440541986093777
frozenset({'S32'}),frozenset({'S42'}),0.6085714285714285,0.6771428571428572,0.41285714285714287,0.6784037558685446,1.0018620867256989,1.0,0.0007673469387755594,1.0039207507820647,0.004748314095926351,0.4729950900163667,0.003905438530890378,0.6440541986093777
frozenset({'S47'}),frozenset({'S32'}),0.6757142857142857,0.6085714285714285,0.4228571428571429,0.6257928118393234,1.0282980476233015,1.0,0.011636734693877604,1.0460209846650526,0.08486129301107312,0.4908789386401327,0.043996234626008886,0.6603142462952486
frozenset({'S32'}),frozenset({'S47'}),0.6085714285714285,0.6757142857142857,0.4228571428571429,0.6948356807511737,1.0282980476233015,1.0,0.011636734693877604,1.0626593406593408,0.07030479384494015,0.4908789386401327,0.05896465429877367,0.6603142462952486
frozenset({'S50'}),frozenset({'S32'}),0.6457142857142857,0.6085714285714285,0.39571428571428574,0.6128318584070798,1.0070007063027133,1.0,0.0027510204081633294,1.0110040816326535,0.019622685454757646,0.4608985024958403,0.010884309799108968,0.6315333000955587
frozenset({'S32'}),frozenset({'S50'}),0.6085714285714285,0.6457142857142857,0.39571428571428574,0.6502347417840376,1.007000706302713,1.0,0.0027510204081633294,1.0129242569511028,0.017760678805766043,0.4608985024958403,0.01275935180978368,0.6315333000955587
frozenset({'S32'}),frozenset({'S51'}),0.6085714285714285,0.61,0.37857142857142856,0.6220657276995305,1.0197798814746402,1.0,0.007342857142857151,1.0319254658385093,0.049552403250241066,0.4506802721088436,0.030937763332129525,0.6213373134984772
frozenset({'S51'}),frozenset({'S32'}),0.61,0.6085714285714285,0.37857142857142856,0.6206088992974239,1.0197798814746404,1.0,0.007342857142857151,1.0317283950617286,0.04973391388485734,0.4506802721088436,0.0307526624386743,0.6213373134984772
frozenset({'S32'}),frozenset({'S55'}),0.6085714285714285,0.6371428571428571,0.38857142857142857,0.6384976525821596,1.002126360554959,1.0,0.0008244897959183706,1.0037476808905381,0.005420781451266659,0.4533333333333334,0.003733688218550205,0.6241815617170887
frozenset({'S55'}),frozenset({'S32'}),0.6371428571428571,0.6085714285714285,0.38857142857142857,0.6098654708520179,1.002126360554959,1.0,0.0008244897959183706,1.0033169129720854,0.005847614636405766,0.4533333333333334,0.0033059474321626503,0.6241815617170887
frozenset({'S56'}),frozenset({'S32'}),0.65,0.6085714285714285,0.4,0.6153846153846154,1.0111953773925606,1.0,0.004428571428571448,1.0177142857142858,0.03163265306122463,0.4658901830282863,0.01740595171252122,0.63633080534489
frozenset({'S32'}),frozenset({'S56'}),0.6085714285714285,0.65,0.4,0.6572769953051644,1.0111953773925606,1.0,0.004428571428571448,1.0212328767123289,0.02828467153284684,0.4658901830282863,0.02079141515761242,0.63633080534489
frozenset({'S59'}),frozenset({'S32'}),0.5157142857142857,0.6085714285714285,0.32142857142857145,0.6232686980609419,1.024150442823144,1.0,0.007579591836734734,1.039012605042017,0.04869223205506416,0.4003558718861211,0.037547768768829676,0.5757188560727244
frozenset({'S32'}),frozenset({'S59'}),0.6085714285714285,0.5157142857142857,0.32142857142857145,0.5281690140845071,1.024150442823144,1.0,0.007579591836734734,1.026396588486141,0.0602433090024334,0.4003558718861211,0.025717728198097357,0.5757188560727244
frozenset({'S34'}),frozenset({'S33'}),0.51,0.6085714285714285,0.3171428571428571,0.6218487394957982,1.0218171775752554,1.0,0.006771428571428539,1.0351111111111109,0.043574186431329084,0.3957219251336898,0.03392013739802472,0.5714877500295892
frozenset({'S33'}),frozenset({'S34'}),0.6085714285714285,0.51,0.3171428571428571,0.5211267605633803,1.0218171775752554,1.0,0.006771428571428539,1.023235294117647,0.05454724797790465,0.3957219251336898,0.022707674619143355,0.5714877500295892
frozenset({'S35'}),frozenset({'S33'}),0.5442857142857143,0.6085714285714285,0.3457142857142857,0.6351706036745407,1.0437075647234237,1.0,0.014477551020408153,1.0729085303186023,0.09189357237234118,0.4283185840707964,0.0679540969787537,0.6016228605227163
frozenset({'S33'}),frozenset({'S35'}),0.6085714285714285,0.5442857142857143,0.3457142857142857,0.568075117370892,1.0437075647234237,1.0,0.014477551020408153,1.0550776397515529,0.10698558243349211,0.4283185840707964,0.05220245191104833,0.6016228605227163
frozenset({'S38'}),frozenset({'S33'}),0.62,0.6085714285714285,0.4014285714285714,0.6474654377880185,1.063910343783129,1.0,0.0241142857142857,1.110326797385621,0.15808203783480043,0.4853195164075993,0.09936425712267496,0.6535449254667791
frozenset({'S33'}),frozenset({'S38'}),0.6085714285714285,0.62,0.4014285714285714,0.6596244131455399,1.0639103437831288,1.0,0.0241142857142857,1.1164137931034481,0.1534665038834194,0.4853195164075993,0.10427477143563127,0.6535449254667791
frozenset({'S39'}),frozenset({'S33'}),0.6857142857142857,0.6085714285714285,0.4228571428571429,0.6166666666666667,1.013302034428795,1.0,0.0055510204081632986,1.0211180124223604,0.04176904176904202,0.4852459016393443,0.020681265206812804,0.6557511737089202
frozenset({'S33'}),frozenset({'S39'}),0.6085714285714285,0.6857142857142857,0.4228571428571429,0.6948356807511737,1.013302034428795,1.0,0.0055510204081632986,1.02989010989011,0.03353718682185856,0.4852459016393443,0.029022620571916444,0.6557511737089202
frozenset({'S45'}),frozenset({'S33'}),0.6257142857142857,0.6085714285714285,0.3842857142857143,0.6141552511415526,1.0091752953030206,1.0,0.00349387755102043,1.01447168216399,0.02429126819716806,0.4521008403361345,0.014265240142652603,0.6228053251012927
frozenset({'S33'}),frozenset({'S45'}),0.6085714285714285,0.6257142857142857,0.3842857142857143,0.6314553990610329,1.0091752953030206,1.0,0.00349387755102043,1.0155777979981804,0.02322741703524829,0.4521008403361345,0.015338852453141389,0.6228053251012927
frozenset({'S46'}),frozenset({'S33'}),0.6457142857142857,0.6085714285714285,0.3985714285714286,0.6172566371681416,1.0142714695251154,1.0,0.005608163265306165,1.0226919900908342,0.039715574054804324,0.4657762938230384,0.022188489115690317,0.6360931073164652
frozenset({'S33'}),frozenset({'S46'}),0.6085714285714285,0.6457142857142857,0.3985714285714286,0.6549295774647887,1.0142714695251154,1.0,0.005608163265306165,1.0267055393586006,0.035946942940114864,0.4657762938230384,0.02601090413448445,0.6360931073164652
frozenset({'S54'}),frozenset({'S33'}),0.6442857142857142,0.6085714285714285,0.39571428571428574,0.6141906873614191,1.0092335238333179,1.0,0.003620408163265365,1.0145648604269297,0.02572020935728515,0.4616666666666668,0.014355770631362817,0.6322127145727283
frozenset({'S33'}),frozenset({'S54'}),0.6085714285714285,0.6442857142857142,0.39571428571428574,0.6502347417840376,1.0092335238333179,1.0,0.003620408163265365,1.017008628954938,0.02337347492687592,0.4616666666666668,0.01672417369006572,0.6322127145727283
frozenset({'S56'}),frozenset({'S33'}),0.65,0.6085714285714285,0.39571428571428574,0.6087912087912088,1.0003611412062117,1.0,0.00014285714285716677,1.0005617977528092,0.0010314595152142005,0.4586092715231789,0.0005614823133073557,0.6295129752876232
frozenset({'S33'}),frozenset({'S56'}),0.6085714285714285,0.65,0.39571428571428574,0.6502347417840376,1.0003611412062117,1.0,0.00014285714285716677,1.0006711409395974,0.000922290442436055,0.4586092715231789,0.0006706908115359869,0.6295129752876232
frozenset({'S34'}),frozenset({'S35'}),0.51,0.5442857142857143,0.32857142857142857,0.6442577030812324,1.183675569965519,1.0,0.0509857142857143,1.281023622047244,0.31668145519077207,0.452755905511811,0.21937427008420912,0.6239661218818235
frozenset({'S35'}),frozenset({'S34'}),0.5442857142857143,0.51,0.32857142857142857,0.6036745406824148,1.183675569965519,1.0,0.0509857142857143,1.23635761589404,0.34050701921766396,0.452755905511811,0.1911725320049281,0.6239661218818235
frozenset({'S34'}),frozenset({'S37'}),0.51,0.6442857142857142,0.34285714285714286,0.6722689075630252,1.0434328942219904,1.0,0.014271428571428602,1.0853846153846154,0.0849489795918369,0.4225352112676056,0.0786676116229624,0.6022098418081201
frozenset({'S37'}),frozenset({'S34'}),0.6442857142857142,0.51,0.34285714285714286,0.5321507760532151,1.0434328942219904,1.0,0.014271428571428602,1.0473459715639812,0.11701807228915685,0.4225352112676056,0.045205665414724774,0.6022098418081201
frozenset({'S34'}),frozenset({'S38'}),0.51,0.62,0.33714285714285713,0.6610644257703081,1.0662329447908194,1.0,0.020942857142857152,1.1211570247933884,0.12677274299550334,0.42522522522522527,0.10806427834291608,0.602421613806813
frozenset({'S38'}),frozenset({'S34'}),0.62,0.51,0.33714285714285713,0.543778801843318,1.0662329447908194,1.0,0.020942857142857152,1.074040404040404,0.16347011596788588,0.42522522522522527,0.0689363302924856,0.602421613806813
frozenset({'S34'}),frozenset({'S39'}),0.51,0.6857142857142857,0.35714285714285715,0.7002801120448179,1.0212418300653594,1.0,0.007428571428571451,1.0485981308411214,0.04244897959183687,0.4258943781942079,0.04634581105169324,0.6105567226890756
frozenset({'S39'}),frozenset({'S34'}),0.6857142857142857,0.51,0.35714285714285715,0.5208333333333334,1.0212418300653596,1.0,0.007428571428571451,1.022608695652174,0.06618181818181838,0.4258943781942079,0.022108843537415025,0.6105567226890756
frozenset({'S34'}),frozenset({'S46'}),0.51,0.6457142857142857,0.35285714285714287,0.6918767507002801,1.0714905431199029,1.0,0.023542857142857143,1.1498181818181819,0.13616458729240685,0.43950177935943063,0.13029728020240358,0.6191684638457153
frozenset({'S46'}),frozenset({'S34'}),0.6457142857142857,0.51,0.35285714285714287,0.5464601769911505,1.0714905431199029,1.0,0.023542857142857143,1.080390243902439,0.18832440903748202,0.43950177935943063,0.07440852447173561,0.6191684638457153
frozenset({'S34'}),frozenset({'S53'}),0.51,0.6185714285714285,0.31857142857142856,0.6246498599439776,1.0098265634198254,1.0,0.0030999999999999917,1.0161940298507464,0.019859064702113977,0.3932980599647266,0.015935962399941307,0.5698307036440442
frozenset({'S53'}),frozenset({'S34'}),0.6185714285714285,0.51,0.31857142857142856,0.5150115473441108,1.0098265634198251,1.0,0.0030999999999999917,1.0103333333333333,0.02551183218286552,0.3932980599647266,0.01022764764104245,0.5698307036440442
frozenset({'S34'}),frozenset({'S54'}),0.51,0.6442857142857142,0.3342857142857143,0.6554621848739496,1.0173470718664406,1.0,0.005700000000000038,1.0324390243902442,0.034798534798535036,0.4076655052264808,0.031419796834396545,0.5871545957629172
frozenset({'S54'}),frozenset({'S34'}),0.6442857142857142,0.51,0.3342857142857143,0.5188470066518848,1.0173470718664408,1.0,0.005700000000000038,1.0183870967741937,0.0479353310678615,0.4076655052264808,0.018055115616091345,0.5871545957629172
frozenset({'S34'}),frozenset({'S56'}),0.51,0.65,0.33285714285714285,0.6526610644257703,1.0040939452704158,1.0,0.0013571428571428346,1.0076612903225806,0.008320924936498067,0.40241796200345414,0.007603041216486568,0.5823744882568411
frozenset({'S56'}),frozenset({'S34'}),0.65,0.51,0.33285714285714285,0.512087912087912,1.0040939452704158,1.0,0.0013571428571428346,1.0042792792792792,0.011649294911097292,0.40241796200345414,0.004261045077371502,0.5823744882568411
frozenset({'S57'}),frozenset({'S34'}),0.6557142857142857,0.51,0.3442857142857143,0.5250544662309369,1.0295185612371311,1.0,0.009871428571428587,1.0316972477064221,0.0832802465522289,0.41913043478260875,0.030723400471299733,0.6000622471210707
frozenset({'S34'}),frozenset({'S57'}),0.51,0.6557142857142857,0.3442857142857143,0.6750700280112045,1.0295185612371311,1.0,0.009871428571428587,1.0595689655172416,0.058514692183927595,0.41913043478260875,0.05621999837279328,0.6000622471210707
frozenset({'S34'}),frozenset({'S58'}),0.51,0.6857142857142857,0.3514285714285714,0.6890756302521008,1.0049019607843137,1.0,0.0017142857142857237,1.0108108108108107,0.00995520159283231,0.416243654822335,0.010695187165775364,0.6007878151260504
frozenset({'S58'}),frozenset({'S34'}),0.6857142857142857,0.51,0.3514285714285714,0.5125,1.0049019607843137,1.0,0.0017142857142857237,1.005128205128205,0.015521064301552192,0.416243654822335,0.005102040816326422,0.6007878151260504
frozenset({'S35'}),frozenset({'S39'}),0.5442857142857143,0.6857142857142857,0.38142857142857145,0.7007874015748032,1.021981627296588,1.0,0.00820408163265307,1.0503759398496244,0.04719805572188375,0.44949494949494956,0.04795991410164664,0.6285187007874016
frozenset({'S39'}),frozenset({'S35'}),0.6857142857142857,0.5442857142857143,0.38142857142857145,0.55625,1.021981627296588,1.0,0.00820408163265307,1.0269617706237426,0.06843718079673143,0.44949494949494956,0.026253918495297904,0.6285187007874016
frozenset({'S35'}),frozenset({'S40'}),0.5442857142857143,0.63,0.35,0.6430446194225722,1.020705745115194,1.0,0.007099999999999995,1.036544117647059,0.04451410658307207,0.4246100519930675,0.035255728169114,0.5993000874890638
frozenset({'S40'}),frozenset({'S35'}),0.63,0.5442857142857143,0.35,0.5555555555555555,1.0207057451151937,1.0,0.007099999999999995,1.0253571428571426,0.054826254826254785,0.4246100519930675,0.024730059212817696,0.5993000874890638
frozenset({'S35'}),frozenset({'S41'}),0.5442857142857143,0.6357142857142857,0.3485714285714286,0.6404199475065617,1.0074021646170634,1.0,0.0025612244897959546,1.0130865484880085,0.016123644586052952,0.41924398625429554,0.012917502959189156,0.5943672771240673
frozenset({'S41'}),frozenset({'S35'}),0.6357142857142857,0.5442857142857143,0.3485714285714286,0.5483146067415731,1.0074021646170634,1.0,0.0025612244897959546,1.0089196872778963,0.0201703632272584,0.41924398625429554,0.00884082984044251,0.5943672771240673
frozenset({'S35'}),frozenset({'S48'}),0.5442857142857143,0.6328571428571429,0.35714285714285715,0.6561679790026247,1.0368342783337183,1.0,0.012687755102040843,1.0677971646673936,0.07795611285266474,0.43554006968641124,0.06349254981259633,0.6102510323907029
frozenset({'S48'}),frozenset({'S35'}),0.6328571428571429,0.5442857142857143,0.35714285714285715,0.564334085778781,1.0368342783337183,1.0,0.012687755102040843,1.0460177646188007,0.0967626459143971,0.43554006968641124,0.043993291677575846,0.6102510323907029
frozenset({'S35'}),frozenset({'S51'}),0.5442857142857143,0.61,0.33714285714285713,0.6194225721784777,1.0154468396368488,1.0,0.005128571428571427,1.0247586206896553,0.033380266723340934,0.41258741258741255,0.02416044148327628,0.5860578903046956
frozenset({'S51'}),frozenset({'S35'}),0.61,0.5442857142857143,0.33714285714285713,0.5526932084309133,1.0154468396368486,1.0,0.005128571428571427,1.0187958115183244,0.039004780530204244,0.41258741258741255,0.018449046713602896,0.5860578903046956
frozenset({'S35'}),frozenset({'S53'}),0.5442857142857143,0.6185714285714285,0.3414285714285714,0.6272965879265092,1.0141053384493222,1.0,0.004748979591836733,1.02341046277666,0.030521635340564773,0.4156521739130435,0.022874949620061678,0.5896298182126772
frozenset({'S53'}),frozenset({'S35'}),0.6185714285714285,0.5442857142857143,0.3414285714285714,0.5519630484988453,1.014105338449322,1.0,0.004748979591836733,1.017135493372607,0.03646592387131147,0.4156521739130435,0.01684681488774826,0.5896298182126772
frozenset({'S36'}),frozenset({'S40'}),0.6171428571428571,0.63,0.3914285714285714,0.6342592592592593,1.0067607289829512,1.0,0.0026285714285714246,1.0116455696202533,0.017540037041071987,0.4574290484140234,0.011511511511511611,0.6277872260015117
frozenset({'S40'}),frozenset({'S36'}),0.63,0.6171428571428571,0.3914285714285714,0.6213151927437641,1.0067607289829512,1.0,0.0026285714285714246,1.0110179640718562,0.018149536397711555,0.4574290484140234,0.010897891494906388,0.6277872260015117
frozenset({'S36'}),frozenset({'S41'}),0.6171428571428571,0.6357142857142857,0.40714285714285714,0.6597222222222222,1.037765293383271,1.0,0.014816326530612267,1.0705539358600584,0.09505106048703862,0.481418918918919,0.06590413943355126,0.6500858302122348
frozenset({'S41'}),frozenset({'S36'}),0.6357142857142857,0.6171428571428571,0.40714285714285714,0.6404494382022472,1.037765293383271,1.0,0.014816326530612267,1.0648214285714288,0.09989680082559355,0.481418918918919,0.06087539828945174,0.6500858302122348
frozenset({'S36'}),frozenset({'S43'}),0.6171428571428571,0.6514285714285715,0.4085714285714286,0.6620370370370371,1.0162849252761534,1.0,0.006546938775510214,1.031389432485323,0.04185366871934042,0.47508305647840526,0.030434122647237445,0.6446150097465887
frozenset({'S43'}),frozenset({'S36'}),0.6514285714285715,0.6171428571428571,0.4085714285714286,0.6271929824561403,1.0162849252761534,1.0,0.006546938775510214,1.0269579831932774,0.04597042301960342,0.47508305647840526,0.02625032731081432,0.6446150097465887
frozenset({'S47'}),frozenset({'S36'}),0.6757142857142857,0.6171428571428571,0.4228571428571429,0.6257928118393234,1.0140161302952,1.0,0.0058448979591836925,1.0231154156577886,0.04262412191927624,0.48604269293924474,0.02259316525196433,0.6554889985122543
frozenset({'S36'}),frozenset({'S47'}),0.6171428571428571,0.6757142857142857,0.4228571428571429,0.6851851851851852,1.0140161302952002,1.0,0.0058448979591836925,1.0300840336134456,0.03610326744655114,0.48604269293924474,0.029205416870615255,0.6554889985122543
frozenset({'S36'}),frozenset({'S48'}),0.6171428571428571,0.6328571428571429,0.39285714285714285,0.6365740740740741,1.0058732547445866,1.0,0.0022938775510203957,1.0102274795268424,0.015251017639077259,0.4583333333333333,0.010123937166738607,0.6286707842153666
frozenset({'S48'}),frozenset({'S36'}),0.6328571428571429,0.6171428571428571,0.39285714285714285,0.6207674943566591,1.0058732547445866,1.0,0.0022938775510203957,1.0095578231292517,0.0159037849310222,0.4583333333333333,0.0094673360061993,0.6286707842153666
frozenset({'S36'}),frozenset({'S49'}),0.6171428571428571,0.67,0.41714285714285715,0.6759259259259259,1.0088446655610834,1.0,0.003657142857142859,1.0182857142857142,0.022899202617051737,0.4794745484400657,0.017957351290684518,0.6492636026218115
frozenset({'S49'}),frozenset({'S36'}),0.67,0.6171428571428571,0.41714285714285715,0.6226012793176972,1.0088446655610834,1.0,0.003657142857142859,1.0144632768361581,0.02656704026567042,0.4794745484400657,0.014257072844731471,0.6492636026218115
frozenset({'S52'}),frozenset({'S36'}),0.6428571428571429,0.6171428571428571,0.4,0.6222222222222222,1.0082304526748973,1.0,0.0032653061224490187,1.0134453781512607,0.02285714285714313,0.4651162790697675,0.013266998341625333,0.6351851851851853
frozenset({'S36'}),frozenset({'S52'}),0.6171428571428571,0.6428571428571429,0.4,0.6481481481481483,1.0082304526748973,1.0,0.0032653061224490187,1.0150375939849625,0.021321961620469336,0.4651162790697675,0.014814814814814972,0.6351851851851853
frozenset({'S36'}),frozenset({'S55'}),0.6171428571428571,0.6371428571428571,0.3942857142857143,0.638888888888889,1.0027404085700051,1.0,0.001077551020408185,1.004835164835165,0.007138221933809358,0.45847176079734225,0.004811898512686142,0.6288614848031888
frozenset({'S55'}),frozenset({'S36'}),0.6371428571428571,0.6171428571428571,0.3942857142857143,0.6188340807174888,1.0027404085700051,1.0,0.001077551020408185,1.004436974789916,0.007531667237247669,0.45847176079734225,0.004417375008366367,0.6288614848031888
frozenset({'S57'}),frozenset({'S36'}),0.6557142857142857,0.6171428571428571,0.4142857142857143,0.6318082788671024,1.0237634148309531,1.0,0.009616326530612285,1.039830938292477,0.06742023179281756,0.48252911813643945,0.0383052059961632,0.6515522875816995
frozenset({'S36'}),frozenset({'S57'}),0.6171428571428571,0.6557142857142857,0.4142857142857143,0.6712962962962964,1.0237634148309531,1.0,0.009616326530612285,1.0474044265593565,0.060627895007720256,0.48252911813643945,0.04525895189795638,0.6515522875816995
frozenset({'S58'}),frozenset({'S36'}),0.6857142857142857,0.6171428571428571,0.4328571428571429,0.6312500000000001,1.0228587962962965,1.0,0.009673469387755151,1.038256658595642,0.07110711071107147,0.49753694581280783,0.03684701492537346,0.6663194444444445
frozenset({'S36'}),frozenset({'S58'}),0.6171428571428571,0.6857142857142857,0.4328571428571429,0.701388888888889,1.0228587962962963,1.0,0.009673469387755151,1.0524916943521596,0.0583715087926706,0.49753694581280783,0.04987373737373755,0.6663194444444445
frozenset({'S40'}),frozenset({'S37'}),0.63,0.6442857142857142,0.40714285714285714,0.6462585034013605,1.0030619786717347,1.0,0.0012428571428571566,1.0055769230769231,0.008250355618776763,0.4695222405271829,0.005545993497800689,0.6390937749822767
frozenset({'S37'}),frozenset({'S40'}),0.6442857142857142,0.63,0.40714285714285714,0.6319290465631929,1.0030619786717347,1.0,0.0012428571428571566,1.0052409638554218,0.008581695201860166,0.4695222405271829,0.005213639359980883,0.6390937749822767
frozenset({'S42'}),frozenset({'S37'}),0.6771428571428572,0.6442857142857142,0.44571428571428573,0.6582278481012658,1.021639675545202,1.0,0.009440816326530654,1.0407936507936508,0.06560585432266879,0.5089722675367048,0.03919475369833765,0.6750119284852227
frozenset({'S37'}),frozenset({'S42'}),0.6442857142857142,0.6771428571428572,0.44571428571428573,0.6917960088691797,1.021639675545202,1.0,0.009440816326530654,1.0475436793422408,0.0595458758109363,0.5089722675367048,0.045385868178875105,0.6750119284852227
frozenset({'S44'}),frozenset({'S37'}),0.6342857142857142,0.6442857142857142,0.4228571428571429,0.6666666666666667,1.034737620103474,1.0,0.014195918367347016,1.0671428571428576,0.09179687500000047,0.49415692821368956,0.06291834002677409,0.6614929785661494
frozenset({'S37'}),frozenset({'S44'}),0.6442857142857142,0.6342857142857142,0.4228571428571429,0.656319290465632,1.034737620103474,1.0,0.014195918367347016,1.0641105990783413,0.09437751004016114,0.49415692821368956,0.06024805986696258,0.6614929785661494
frozenset({'S45'}),frozenset({'S37'}),0.6257142857142857,0.6442857142857142,0.4042857142857143,0.6461187214611873,1.0028450222235723,1.0,0.0011469387755103089,1.0051797235023046,0.007579640169396208,0.46699669966996704,0.00515303222020544,0.6368065891119684
frozenset({'S37'}),frozenset({'S45'}),0.6442857142857142,0.6257142857142857,0.4042857142857143,0.6274944567627495,1.0028450222235723,1.0,0.0011469387755103089,1.0047789115646262,0.007975364354947015,0.46699669966996704,0.004756182190552247,0.6368065891119684
frozenset({'S47'}),frozenset({'S37'}),0.6757142857142857,0.6442857142857142,0.43857142857142856,0.6490486257928119,1.0073925455764265,1.0,0.0032183673469388108,1.0135714285714288,0.022629109328588692,0.49756888168557545,0.01338971106412986,0.6648790800804414
frozenset({'S37'}),frozenset({'S47'}),0.6442857142857142,0.6757142857142857,0.43857142857142856,0.680709534368071,1.0073925455764265,1.0,0.0032183673469388108,1.0156448412698416,0.020629750271444307,0.49756888168557545,0.015403850474227833,0.6648790800804414
frozenset({'S50'}),frozenset({'S37'}),0.6457142857142857,0.6442857142857142,0.4328571428571429,0.670353982300885,1.040460726409356,1.0,0.016832653061224556,1.0790795781399813,0.10976258916214245,0.505,0.07328428759284968,0.6710971685340346
frozenset({'S37'}),frozenset({'S50'}),0.6442857142857142,0.6457142857142857,0.4328571428571429,0.6718403547671842,1.0404607264093562,1.0,0.016832653061224556,1.0796138996139002,0.1093217755510495,0.505,0.07374293684285864,0.6710971685340346
frozenset({'S37'}),frozenset({'S51'}),0.6442857142857142,0.61,0.3942857142857143,0.6119733924611974,1.0032350696085204,1.0,0.00127142857142859,1.0050857142857146,0.009065246493219384,0.45847176079734225,0.005059980669737005,0.6291717079402006
frozenset({'S51'}),frozenset({'S37'}),0.61,0.6442857142857142,0.3942857142857143,0.6463700234192038,1.0032350696085204,1.0,0.00127142857142859,1.0058940397350997,0.008268301746562736,0.45847176079734225,0.005859503588123258,0.6291717079402006
frozenset({'S37'}),frozenset({'S55'}),0.6442857142857142,0.6371428571428571,0.4257142857142857,0.6607538802660754,1.0370576596104322,1.0,0.015212244897959248,1.0695985060690945,0.10045551332848214,0.4974958263772955,0.06506974876477478,0.664457657621827
frozenset({'S55'}),frozenset({'S37'}),0.6371428571428571,0.6442857142857142,0.4257142857142857,0.6681614349775785,1.0370576596104324,1.0,0.015212244897959248,1.0719498069498072,0.09847804259366949,0.4974958263772955,0.06712049993696784,0.664457657621827
frozenset({'S57'}),frozenset({'S37'}),0.6557142857142857,0.6442857142857142,0.4257142857142857,0.6492374727668846,1.0076856561792,1.0,0.003246938775510244,1.0141171251109142,0.022153220641065185,0.4869281045751635,0.013920606171964849,0.6549956765164799
frozenset({'S37'}),frozenset({'S57'}),0.6442857142857142,0.6557142857142857,0.4257142857142857,0.6607538802660754,1.0076856561792,1.0,0.003246938775510244,1.0148552754435107,0.021441470580308073,0.4869281045751635,0.014637826498974247,0.6549956765164799
frozenset({'S59'}),frozenset({'S37'}),0.5157142857142857,0.6442857142857142,0.3342857142857143,0.6481994459833795,1.0060745281338486,1.0,0.002018367346938832,1.0111248593925761,0.01246753901621193,0.4048442906574395,0.011002458587814068,0.5835232263176322
frozenset({'S37'}),frozenset({'S59'}),0.6442857142857142,0.5157142857142857,0.3342857142857143,0.5188470066518848,1.0060745281338486,1.0,0.002018367346938832,1.00651086240948,0.01697387841966202,0.4048442906574395,0.006468745298877171,0.5835232263176322
frozenset({'S39'}),frozenset({'S38'}),0.6857142857142857,0.62,0.43,0.6270833333333333,1.0114247311827957,1.0,0.004857142857142838,1.0189944134078213,0.0359408033826637,0.4910277324632953,0.018640350877192974,0.6603158602150537
frozenset({'S38'}),frozenset({'S39'}),0.62,0.6857142857142857,0.43,0.6935483870967741,1.0114247311827955,1.0,0.004857142857142838,1.0255639097744358,0.029725476481902314,0.4910277324632953,0.024926686217008585,0.6603158602150537
frozenset({'S38'}),frozenset({'S41'}),0.62,0.6357142857142857,0.3942857142857143,0.6359447004608295,1.0003624501631028,1.0,0.00014285714285716677,1.0006329113924053,0.00095347063310466,0.4577114427860697,0.0006325110689438713,0.6280847097809765
frozenset({'S41'}),frozenset({'S38'}),0.6357142857142857,0.62,0.3942857142857143,0.6202247191011236,1.0003624501631028,1.0,0.00014285714285716677,1.0005917159763316,0.0009946007388464296,0.4577114427860697,0.0005913660555885509,0.6280847097809765
frozenset({'S38'}),frozenset({'S51'}),0.62,0.61,0.39571428571428574,0.6382488479262673,1.0463095867643728,1.0,0.01751428571428576,1.0780891719745225,0.11647349420482644,0.4743150684931507,0.07243294340068554,0.6434803958600892
frozenset({'S51'}),frozenset({'S38'}),0.61,0.62,0.39571428571428574,0.6487119437939111,1.0463095867643726,1.0,0.01751428571428576,1.0817333333333334,0.11348699435342062,0.4743150684931507,0.07555774682608175,0.6434803958600892
frozenset({'S38'}),frozenset({'S55'}),0.62,0.6371428571428571,0.3985714285714286,0.6428571428571429,1.0089686098654709,1.0,0.003542857142857181,1.0160000000000002,0.023391812865497325,0.4642262895174709,0.01574803149606318,0.6342088404868674
frozenset({'S55'}),frozenset({'S38'}),0.6371428571428571,0.62,0.3985714285714286,0.625560538116592,1.0089686098654709,1.0,0.003542857142857181,1.0148502994011976,0.024496937882764917,0.4642262895174709,0.014632995043663059,0.6342088404868674
frozenset({'S57'}),frozenset({'S38'}),0.6557142857142857,0.62,0.4142857142857143,0.6318082788671024,1.0190456110759718,1.0,0.007742857142857162,1.0320710059171598,0.0542853054800402,0.4809286898839138,0.03107441807132224,0.6500055219220304
frozenset({'S38'}),frozenset({'S57'}),0.62,0.6557142857142857,0.4142857142857143,0.6682027649769585,1.0190456110759716,1.0,0.007742857142857162,1.037638888888889,0.04918330308529958,0.4809286898839138,0.036273591219381646,0.6500055219220304
frozenset({'S45'}),frozenset({'S39'}),0.6257142857142857,0.6857142857142857,0.4357142857142857,0.6963470319634704,1.0155060882800608,1.0,0.006653061224489831,1.0350161117078411,0.040795895382305304,0.4975530179445351,0.03383146533831478,0.6658818493150684
frozenset({'S39'}),frozenset({'S45'}),0.6857142857142857,0.6257142857142857,0.4357142857142857,0.6354166666666666,1.0155060882800608,1.0,0.006653061224489831,1.026612244897959,0.048584202682563596,0.4975530179445351,0.025922391857506385,0.6658818493150684
frozenset({'S39'}),frozenset({'S46'}),0.6857142857142857,0.6457142857142857,0.44285714285714284,0.6458333333333333,1.0001843657817109,1.0,8.163265306121437e-05,1.0003361344537813,0.000586510263929546,0.4983922829581993,0.00033602150537621753,0.6658370206489674
frozenset({'S46'}),frozenset({'S39'}),0.6457142857142857,0.6857142857142857,0.44285714285714284,0.6858407079646017,1.0001843657817109,1.0,8.163265306121437e-05,1.0004024144869215,0.0005202913631633069,0.4983922829581993,0.0004022526146418343,0.6658370206489674
frozenset({'S50'}),frozenset({'S39'}),0.6457142857142857,0.6857142857142857,0.45,0.6969026548672567,1.0163163716814159,1.0,0.007224489795918387,1.0369134515119918,0.04531490015360995,0.5105348460291734,0.03559935639581664,0.6765763274336283
frozenset({'S39'}),frozenset({'S50'}),0.6857142857142857,0.6457142857142857,0.45,0.65625,1.0163163716814159,1.0,0.007224489795918387,1.0306493506493508,0.05108225108225122,0.5105348460291734,0.029737903225806533,0.6765763274336283
frozenset({'S57'}),frozenset({'S39'}),0.6557142857142857,0.6857142857142857,0.45285714285714285,0.690631808278867,1.0071713870733479,1.0,0.003224489795918384,1.0158953722334003,0.02068144037069529,0.5096463022508039,0.01564666270548606,0.6755242374727668
frozenset({'S39'}),frozenset({'S57'}),0.6857142857142857,0.6557142857142857,0.45285714285714285,0.6604166666666667,1.0071713870733479,1.0,0.003224489795918384,1.0138475021910605,0.022655577860625293,0.5096463022508039,0.01365836791147996,0.6755242374727668
frozenset({'S44'}),frozenset({'S40'}),0.6342857142857142,0.63,0.4014285714285714,0.6328828828828829,1.0045760045760046,1.0,0.0018285714285714572,1.0078527607361962,0.01245551601423507,0.46523178807947024,0.007791575359142848,0.6350355457498315
frozenset({'S40'}),frozenset({'S44'}),0.63,0.6342857142857142,0.4014285714285714,0.63718820861678,1.0045760045760046,1.0,0.0018285714285714572,1.0080000000000002,0.012311243627969799,0.46523178807947024,0.007936507936508097,0.6350355457498315
frozenset({'S47'}),frozenset({'S40'}),0.6757142857142857,0.63,0.43857142857142856,0.6490486257928119,1.0302359139568442,1.0,0.012871428571428534,1.054277108433735,0.09050208784743621,0.5057660626029655,0.05148277241300502,0.6725968752546825
frozenset({'S40'}),frozenset({'S47'}),0.63,0.6757142857142857,0.43857142857142856,0.6961451247165532,1.030235913956844,1.0,0.012871428571428534,1.067238805970149,0.07932036270798463,0.5057660626029655,0.06300258723166188,0.6725968752546825
frozenset({'S50'}),frozenset({'S40'}),0.6457142857142857,0.63,0.41,0.6349557522123894,1.007866273352999,1.0,0.0031999999999999806,1.0135757575757576,0.022029897718331887,0.4735973597359735,0.013393924898349781,0.6428747015030201
frozenset({'S40'}),frozenset({'S50'}),0.63,0.6457142857142857,0.41,0.6507936507936507,1.0078662733529988,1.0,0.0031999999999999806,1.0145454545454544,0.021094264996703894,0.4735973597359735,0.014336917562723837,0.6428747015030201
frozenset({'S40'}),frozenset({'S55'}),0.63,0.6371428571428571,0.4085714285714286,0.6485260770975056,1.017866040287565,1.0,0.007171428571428606,1.0323870967741935,0.04743904743904767,0.47587354409317806,0.031371078615173104,0.6448908412393358
frozenset({'S55'}),frozenset({'S40'}),0.6371428571428571,0.63,0.4085714285714286,0.641255605381166,1.017866040287565,1.0,0.007171428571428606,1.0313750000000002,0.048372886955564354,0.47587354409317806,0.030420555084232404,0.6448908412393358
frozenset({'S56'}),frozenset({'S40'}),0.65,0.63,0.4142857142857143,0.6373626373626374,1.0116867259724402,1.0,0.004785714285714282,1.0203030303030305,0.03300492610837436,0.4785478547854786,0.019899019899020067,0.6474795046223618
frozenset({'S40'}),frozenset({'S56'}),0.63,0.65,0.4142857142857143,0.6575963718820862,1.0116867259724402,1.0,0.004785714285714282,1.0221854304635762,0.03122087604846223,0.4785478547854786,0.021703919663103352,0.6474795046223618
frozenset({'S58'}),frozenset({'S40'}),0.6857142857142857,0.63,0.4328571428571429,0.6312500000000001,1.0019841269841272,1.0,0.0008571428571428896,1.0033898305084747,0.006300630063006539,0.4902912621359223,0.0033783783783786062,0.6591624149659865
frozenset({'S40'}),frozenset({'S58'}),0.63,0.6857142857142857,0.4328571428571429,0.6870748299319728,1.001984126984127,1.0,0.0008571428571428896,1.0043478260869565,0.005351886540005554,0.4902912621359223,0.004329004329004263,0.6591624149659865
frozenset({'S59'}),frozenset({'S40'}),0.5157142857142857,0.63,0.33714285714285713,0.6537396121883656,1.037681924108517,1.0,0.012242857142857166,1.06856,0.07498375081245952,0.4169611307420495,0.0641611140226098,0.5944435022393075
frozenset({'S40'}),frozenset({'S59'}),0.63,0.5157142857142857,0.33714285714285713,0.5351473922902494,1.037681924108517,1.0,0.012242857142857166,1.0418048780487805,0.09814475492441613,0.4169611307420495,0.04012735871142958,0.5944435022393075
frozenset({'S42'}),frozenset({'S41'}),0.6771428571428572,0.6357142857142857,0.44,0.6497890295358649,1.0221400464609112,1.0,0.009530612244897985,1.0401893287435455,0.06708998965636152,0.5040916530278233,0.03863655166708029,0.6709619304982696
frozenset({'S41'}),frozenset({'S42'}),0.6357142857142857,0.6771428571428572,0.44,0.6921348314606742,1.0221400464609114,1.0,0.009530612244897985,1.0486965589155373,0.059460147695441966,0.5040916530278233,0.0464353186835042,0.6709619304982696
frozenset({'S41'}),frozenset({'S48'}),0.6357142857142857,0.6328571428571429,0.40285714285714286,0.6337078651685394,1.0013442564739898,1.0,0.0005408163265306354,1.0023225241016653,0.0036851620080657946,0.46534653465346526,0.002317142482402892,0.6351383569635022
frozenset({'S48'}),frozenset({'S41'}),0.6328571428571429,0.6357142857142857,0.40285714285714286,0.636568848758465,1.0013442564739898,1.0,0.0005408163265306354,1.0023513753327418,0.0036564837045010815,0.46534653465346526,0.002345859336962789,0.6351383569635022
frozenset({'S53'}),frozenset({'S41'}),0.6185714285714285,0.6357142857142857,0.39714285714285713,0.6420323325635104,1.0099385006617019,1.0,0.0039081632653061305,1.0176497695852538,0.02579958505106033,0.4633333333333333,0.01734365801747975,0.633375716843553
frozenset({'S41'}),frozenset({'S53'}),0.6357142857142857,0.6185714285714285,0.39714285714285713,0.6247191011235955,1.0099385006617019,1.0,0.0039081632653061305,1.0163815226689479,0.027013683171110227,0.4633333333333333,0.016117493582460226,0.633375716843553
frozenset({'S56'}),frozenset({'S41'}),0.65,0.6357142857142857,0.41714285714285715,0.6417582417582417,1.0095073465859983,1.0,0.003928571428571448,1.0168711656441718,0.026908023483366083,0.48026315789473695,0.016591251885369473,0.6489690085195703
frozenset({'S41'}),frozenset({'S56'}),0.6357142857142857,0.65,0.41714285714285715,0.6561797752808989,1.0095073465859983,1.0,0.003928571428571448,1.0179738562091503,0.02585280687617525,0.48026315789473695,0.017656500802568167,0.6489690085195703
frozenset({'S44'}),frozenset({'S42'}),0.6342857142857142,0.6771428571428572,0.4357142857142857,0.686936936936937,1.0144638309195273,1.0,0.00621224489795924,1.0312846865364853,0.038985655737705266,0.4975530179445351,0.0303356453798934,0.6651984262743758
frozenset({'S42'}),frozenset({'S44'}),0.6771428571428572,0.6342857142857142,0.4357142857142857,0.6434599156118144,1.0144638309195273,1.0,0.00621224489795924,1.0257311918850383,0.04416074278253341,0.4975530179445351,0.025085706751055065,0.6651984262743758
frozenset({'S42'}),frozenset({'S49'}),0.6771428571428572,0.67,0.46285714285714286,0.6835443037974683,1.0202153788021915,1.0,0.009171428571428553,1.0427999999999997,0.06137332022287762,0.5234248788368335,0.04104334484081301,0.6871879301503333
frozenset({'S49'}),frozenset({'S42'}),0.67,0.6771428571428572,0.46285714285714286,0.6908315565031983,1.0202153788021915,1.0,0.009171428571428553,1.0442758620689654,0.0600448933782266,0.5234248788368335,0.04239862633733974,0.6871879301503333
frozenset({'S52'}),frozenset({'S42'}),0.6428571428571429,0.6771428571428572,0.43857142857142856,0.6822222222222222,1.007501172058134,1.0,0.0032653061224489077,1.0159840159840159,0.02084690553745883,0.49756888168557534,0.01573254670599784,0.6649507735583684
frozenset({'S42'}),frozenset({'S52'}),0.6771428571428572,0.6428571428571429,0.43857142857142856,0.6476793248945147,1.007501172058134,1.0,0.0032653061224489077,1.0136869118905045,0.02306073621400313,0.49756888168557534,0.013502109704641142,0.6649507735583684
frozenset({'S53'}),frozenset({'S42'}),0.6185714285714285,0.6771428571428572,0.42857142857142855,0.6928406466512702,1.0231823895693863,1.0,0.009710204081632645,1.0511063372717508,0.05940074906367037,0.49423393739703453,0.048621471928712995,0.6628760195281667
frozenset({'S42'}),frozenset({'S53'}),0.6771428571428572,0.6185714285714285,0.42857142857142855,0.6329113924050632,1.0231823895693863,1.0,0.009710204081632645,1.0390640394088668,0.07017699115044243,0.49423393739703453,0.03759541079979127,0.6628760195281667
frozenset({'S54'}),frozenset({'S42'}),0.6442857142857142,0.6771428571428572,0.43857142857142856,0.680709534368071,1.0052672448473623,1.0,0.0022979591836734814,1.011170634920635,0.014729929489946834,0.4967637540453075,0.01104723034358277,0.6641944296312929
frozenset({'S42'}),frozenset({'S54'}),0.6771428571428572,0.6442857142857142,0.43857142857142856,0.6476793248945147,1.0052672448473623,1.0,0.0022979591836734814,1.0096321642429427,0.016228993110605144,0.4967637540453075,0.009540270787792572,0.6641944296312929
frozenset({'S42'}),frozenset({'S55'}),0.6771428571428572,0.6371428571428571,0.4357142857142857,0.6434599156118144,1.009914665758453,1.0,0.004277551020408166,1.0177176669484362,0.030407659944871625,0.49593495934959353,0.017409216253031785,0.6636582089269835
frozenset({'S55'}),frozenset({'S42'}),0.6371428571428571,0.6771428571428572,0.4357142857142857,0.6838565022421526,1.009914665758453,1.0,0.004277551020408166,1.0212360688956437,0.027055634439137746,0.49593495934959353,0.020794475971268926,0.6636582089269835
frozenset({'S59'}),frozenset({'S42'}),0.5157142857142857,0.6771428571428572,0.3557142857142857,0.6897506925207757,1.018619166169922,1.0,0.006502040816326549,1.040637755102041,0.037743895937733335,0.4249146757679181,0.03905081754222557,0.6075335741084891
frozenset({'S42'}),frozenset({'S59'}),0.6771428571428572,0.5157142857142857,0.3557142857142857,0.5253164556962026,1.018619166169922,1.0,0.006502040816326549,1.0202285714285715,0.05661584390660001,0.4249146757679181,0.019827489638176436,0.6075335741084891
frozenset({'S47'}),frozenset({'S43'}),0.6757142857142857,0.6514285714285715,0.44571428571428573,0.6596194503171248,1.0125737175920775,1.0,0.005534693877551011,1.024063886424135,0.03829210437139946,0.5056726094003241,0.0234984230409316,0.6719149883164571
frozenset({'S43'}),frozenset({'S47'}),0.6514285714285715,0.6757142857142857,0.44571428571428573,0.6842105263157895,1.0125737175920775,1.0,0.005534693877551011,1.026904761904762,0.03562421185371999,0.5056726094003241,0.026199860885694475,0.6719149883164571
frozenset({'S43'}),frozenset({'S48'}),0.6514285714285715,0.6328571428571429,0.41285714285714287,0.6337719298245614,1.0014454873074334,1.0,0.0005959183673469037,1.002497861420017,0.004140904191956192,0.4737704918032787,0.002491637654447372,0.6430710664924162
frozenset({'S48'}),frozenset({'S43'}),0.6328571428571429,0.6514285714285715,0.41285714285714287,0.6523702031602708,1.0014454873074332,1.0,0.0005959183673469037,1.0027087198515767,0.0039314421122074355,0.4737704918032787,0.0027014025089735915,0.6430710664924162
frozenset({'S43'}),frozenset({'S49'}),0.6514285714285715,0.67,0.44142857142857145,0.6776315789473684,1.0113904163393557,1.0,0.004971428571428516,1.0236734693877547,0.032309406334553196,0.5016233766233765,0.02312599681020704,0.6682400965099315
frozenset({'S49'}),frozenset({'S43'}),0.67,0.6514285714285715,0.44142857142857145,0.6588486140724946,1.0113904163393557,1.0,0.004971428571428516,1.0217499999999997,0.03412768461312112,0.5016233766233765,0.02128700758502544,0.6682400965099315
frozenset({'S43'}),frozenset({'S51'}),0.6514285714285715,0.61,0.41285714285714287,0.6337719298245614,1.038970376761576,1.0,0.01548571428571427,1.0649101796407188,0.10760678427590892,0.4865319865319864,0.060953666216824215,0.6552934590574798
frozenset({'S51'}),frozenset({'S43'}),0.61,0.6514285714285715,0.41285714285714287,0.6768149882903982,1.038970376761576,1.0,0.01548571428571427,1.0785507246376813,0.09617602697187462,0.4865319865319864,0.0728298844396669,0.6552934590574798
frozenset({'S54'}),frozenset({'S43'}),0.6442857142857142,0.6514285714285715,0.43,0.6674057649667406,1.0245263935892948,1.0,0.010293877551020403,1.0480380952380954,0.06729909671910228,0.4966996699669966,0.04583621097015748,0.6637467421324932
frozenset({'S43'}),frozenset({'S54'}),0.6514285714285715,0.6442857142857142,0.43,0.6600877192982456,1.0245263935892948,1.0,0.010293877551020403,1.046488479262673,0.06867817656990358,0.4966996699669966,0.04442330726414442,0.6637467421324932
frozenset({'S56'}),frozenset({'S43'}),0.65,0.6514285714285715,0.42428571428571427,0.6527472527472526,1.0020242914979756,1.0,0.0008571428571427786,1.00379746835443,0.005772005772005244,0.4837133550488598,0.0037831021437574864,0.6520315211104684
frozenset({'S43'}),frozenset({'S56'}),0.6514285714285715,0.65,0.42428571428571427,0.6513157894736842,1.0020242914979756,1.0,0.0008571428571427786,1.0037735849056602,0.0057956615333659214,0.4837133550488598,0.0037593984962404547,0.6520315211104684
frozenset({'S44'}),frozenset({'S49'}),0.6342857142857142,0.67,0.42857142857142855,0.6756756756756757,1.008471157724889,1.0,0.003599999999999992,1.0174999999999998,0.022968749999999948,0.4893964110929853,0.017199017199017026,0.657667262144874
frozenset({'S49'}),frozenset({'S44'}),0.67,0.6342857142857142,0.42857142857142855,0.6396588486140724,1.008471157724889,1.0,0.003599999999999992,1.0149112426035503,0.025454545454545403,0.4893964110929853,0.014692164179104385,0.657667262144874
frozenset({'S50'}),frozenset({'S44'}),0.6457142857142857,0.6342857142857142,0.4157142857142857,0.6438053097345133,1.0150083712030618,1.0,0.006146938775510258,1.0267258207630883,0.04173594945128071,0.48099173553719016,0.026030143805310036,0.6496053575699594
frozenset({'S44'}),frozenset({'S50'}),0.6342857142857142,0.6457142857142857,0.4157142857142857,0.6554054054054055,1.0150083712030615,1.0,0.006146938775510258,1.02812324929972,0.040431701030928184,0.48099173553719016,0.027353966870096204,0.6496053575699594
frozenset({'S44'}),frozenset({'S53'}),0.6342857142857142,0.6185714285714285,0.3942857142857143,0.6216216216216217,1.0049310280257164,1.0,0.0019346938775510747,1.0080612244897962,0.013417119565217765,0.4592346089850251,0.007996760805749861,0.6295175082703952
frozenset({'S53'}),frozenset({'S44'}),0.6185714285714285,0.6342857142857142,0.3942857142857143,0.6374133949191686,1.0049310280257164,1.0,0.0019346938775510747,1.008626023657871,0.01286435433968445,0.4592346089850251,0.00855225173210178,0.6295175082703952
frozenset({'S54'}),frozenset({'S44'}),0.6442857142857142,0.6342857142857142,0.4157142857142857,0.6452328159645233,1.0172589440882125,1.0,0.007053061224489843,1.0308571428571431,0.04769593839274655,0.4817880794701987,0.02993348115299357,0.6503191106849644
frozenset({'S44'}),frozenset({'S54'}),0.6342857142857142,0.6442857142857142,0.4157142857142857,0.6554054054054055,1.0172589440882125,1.0,0.007053061224489843,1.0322689075630256,0.04639175257731989,0.4817880794701987,0.03126017583848944,0.6503191106849644
frozenset({'S57'}),frozenset({'S44'}),0.6557142857142857,0.6342857142857142,0.41714285714285715,0.6361655773420479,1.0029637480617875,1.0,0.0012326530612245534,1.0051668092386656,0.008582959131473186,0.4779050736497545,0.005140250544662452,0.6469116174998528
frozenset({'S44'}),frozenset({'S57'}),0.6342857142857142,0.6557142857142857,0.41714285714285715,0.6576576576576577,1.0029637480617875,1.0,0.0012326530612245534,1.0056766917293236,0.00808005136986343,0.4779050736497545,0.0056446487981759875,0.6469116174998528
frozenset({'S52'}),frozenset({'S45'}),0.6428571428571429,0.6257142857142857,0.41,0.6377777777777777,1.0192795535261288,1.0,0.0077551020408163085,1.0333041191936896,0.05296167247386748,0.4775374376039932,0.032230703986429,0.6465144596651445
frozenset({'S45'}),frozenset({'S52'}),0.6257142857142857,0.6428571428571429,0.41,0.6552511415525114,1.0192795535261288,1.0,0.0077551020408163085,1.0359508041627246,0.05053594701704911,0.4775374376039932,0.03470319634703181,0.6465144596651445
frozenset({'S45'}),frozenset({'S53'}),0.6257142857142857,0.6185714285714285,0.38857142857142857,0.6210045662100457,1.0039334788615057,1.0,0.0015224489795918617,1.0064199655765924,0.010468118545128144,0.4540901502504174,0.006379012535700494,0.6245900429202653
frozenset({'S53'}),frozenset({'S45'}),0.6185714285714285,0.6257142857142857,0.38857142857142857,0.628175519630485,1.0039334788615057,1.0,0.0015224489795918617,1.0066193433895299,0.01027208636263511,0.4540901502504174,0.006575815806639473,0.6245900429202653
frozenset({'S45'}),frozenset({'S59'}),0.6257142857142857,0.5157142857142857,0.32571428571428573,0.5205479452054795,1.009372746935833,1.0,0.003024489795918406,1.0100816326530615,0.02480916030534382,0.3992994746059545,0.00998100779892536,0.5760634462869503
frozenset({'S59'}),frozenset({'S45'}),0.5157142857142857,0.6257142857142857,0.32571428571428573,0.6315789473684211,1.009372746935833,1.0,0.003024489795918406,1.0159183673469392,0.019174041297935346,0.3992994746059545,0.0156689433507436,0.5760634462869503
frozenset({'S50'}),frozenset({'S46'}),0.6457142857142857,0.6457142857142857,0.42,0.6504424778761062,1.007322421489545,1.0,0.003053061224489839,1.0135262206148283,0.0205178845731844,0.4819672131147541,0.013345703682557922,0.6504424778761062
frozenset({'S46'}),frozenset({'S50'}),0.6457142857142857,0.6457142857142857,0.42,0.6504424778761062,1.007322421489545,1.0,0.003053061224489839,1.0135262206148283,0.0205178845731844,0.4819672131147541,0.013345703682557922,0.6504424778761062
frozenset({'S52'}),frozenset({'S46'}),0.6428571428571429,0.6457142857142857,0.4185714285714286,0.6511111111111111,1.0083579154375615,1.0,0.003469387755102027,1.0154686078252957,0.02320819112627977,0.4811165845648604,0.015232974910394272,0.6496705998033432
frozenset({'S46'}),frozenset({'S52'}),0.6457142857142857,0.6428571428571429,0.4185714285714286,0.6482300884955753,1.0083579154375615,1.0,0.003469387755102027,1.0152740341419588,0.023395353957943312,0.4811165845648604,0.015044247787610668,0.6496705998033432
frozenset({'S54'}),frozenset({'S46'}),0.6442857142857142,0.6457142857142857,0.4185714285714286,0.6496674057649668,1.0061220885740638,1.0,0.0025469387755102657,1.0112839059674505,0.017105966528229367,0.48032786885245904,0.011158000143051655,0.6489487471302711
frozenset({'S46'}),frozenset({'S54'}),0.6457142857142857,0.6442857142857142,0.4185714285714286,0.6482300884955753,1.0061220885740636,1.0,0.0025469387755102657,1.0112129380053911,0.017174942199714164,0.48032786885245904,0.011088602196396513,0.6489487471302711
frozenset({'S56'}),frozenset({'S46'}),0.65,0.6457142857142857,0.4257142857142857,0.654945054945055,1.0142954390742003,1.0,0.006000000000000005,1.026751592356688,0.040268456375838965,0.4893267651888341,0.026054590570719696,0.6571185451716426
frozenset({'S46'}),frozenset({'S56'}),0.6457142857142857,0.65,0.4257142857142857,0.6592920353982301,1.0142954390742,1.0,0.006000000000000005,1.0272727272727273,0.03978133795193768,0.4893267651888341,0.02654867256637169,0.6571185451716426
frozenset({'S47'}),frozenset({'S48'}),0.6757142857142857,0.6328571428571429,0.43,0.6363636363636364,1.0055407346603733,1.0,0.002369387755102037,1.009642857142857,0.016991818753933265,0.489430894308943,0.009550760523523038,0.6579109378206444
frozenset({'S48'}),frozenset({'S47'}),0.6328571428571429,0.6757142857142857,0.43,0.6794582392776524,1.0055407346603735,1.0,0.002369387755102037,1.0116800804828974,0.015008337965536387,0.489430894308943,0.011545231252672499,0.6579109378206444
frozenset({'S52'}),frozenset({'S47'}),0.6428571428571429,0.6757142857142857,0.43714285714285717,0.6799999999999999,1.0063424947145876,1.0,0.002755102040816304,1.013392857142857,0.01764705882352927,0.4959481361426257,0.013215859030836821,0.6634672304439746
frozenset({'S47'}),frozenset({'S52'}),0.6757142857142857,0.6428571428571429,0.43714285714285717,0.6469344608879493,1.0063424947145876,1.0,0.002755102040816304,1.0115483319076133,0.019435086810054257,0.4959481361426257,0.011416490486257792,0.6634672304439746
frozenset({'S47'}),frozenset({'S53'}),0.6757142857142857,0.6185714285714285,0.4185714285714286,0.6194503171247357,1.001420835998418,1.0,0.0005938775510204719,1.0023095238095239,0.004375216129663232,0.4779771615008157,0.0023042021996817976,0.6480623410104048
frozenset({'S53'}),frozenset({'S47'}),0.6185714285714285,0.6757142857142857,0.4185714285714286,0.6766743648960739,1.001420835998418,1.0,0.0005938775510204719,1.002969387755102,0.0037197530390769796,0.4779771615008157,0.0029605965958226376,0.6480623410104048
frozenset({'S47'}),frozenset({'S56'}),0.6757142857142857,0.65,0.44857142857142857,0.6638477801268499,1.0213042771182306,1.0,0.009357142857142842,1.041194968553459,0.0643255983613456,0.5114006514657982,0.03956508607671383,0.67697883511837
frozenset({'S56'}),frozenset({'S47'}),0.65,0.6757142857142857,0.44857142857142857,0.6901098901098901,1.0213042771182306,1.0,0.009357142857142842,1.0464539007092197,0.059599636032756954,0.5114006514657982,0.0443917316164012,0.67697883511837
frozenset({'S48'}),frozenset({'S49'}),0.6328571428571429,0.67,0.4328571428571429,0.6839729119638827,1.020855092483407,1.0,0.008842857142857097,1.0442142857142858,0.05564330752141333,0.49753694581280783,0.04234215746631097,0.6650141745320479
frozenset({'S49'}),frozenset({'S48'}),0.67,0.6328571428571429,0.4328571428571429,0.6460554371002132,1.0208550924834068,1.0,0.008842857142857097,1.037289156626506,0.06190619061906159,0.49753694581280783,0.03594866136244825,0.6650141745320479
frozenset({'S48'}),frozenset({'S51'}),0.6328571428571429,0.61,0.39,0.6162528216704288,1.0102505273285718,1.0,0.003957142857142881,1.0162941176470588,0.02763643619674765,0.457286432160804,0.016032876078022673,0.6277985419827554
frozenset({'S51'}),frozenset({'S48'}),0.61,0.6328571428571429,0.39,0.639344262295082,1.010250527328572,1.0,0.003957142857142881,1.017987012987013,0.026016718324410788,0.457286432160804,0.017669196912674635,0.6277985419827554
frozenset({'S54'}),frozenset({'S48'}),0.6442857142857142,0.6328571428571429,0.41285714285714287,0.6407982261640799,1.0125479871667176,1.0,0.005116326530612281,1.0221075837742506,0.03483831519851054,0.47768595041322315,0.021629409785431496,0.6465842146621754
frozenset({'S48'}),frozenset({'S54'}),0.6328571428571429,0.6442857142857142,0.41285714285714287,0.6523702031602708,1.0125479871667176,1.0,0.005116326530612281,1.0232560296846012,0.03375385402501606,0.47768595041322315,0.022727478763813716,0.6465842146621754
frozenset({'S50'}),frozenset({'S49'}),0.6457142857142857,0.67,0.4328571428571429,0.670353982300885,1.0005283317923657,1.0,0.00022857142857146684,1.0010738255033558,0.0014904716278081914,0.4902912621359223,0.0010726736390454972,0.6582047097005491
frozenset({'S49'}),frozenset({'S50'}),0.67,0.6457142857142857,0.4328571428571429,0.6460554371002132,1.0005283317923657,1.0,0.00022857142857146684,1.0009638554216866,0.0016001600160018682,0.4902912621359223,0.0009629272989889004,0.6582047097005491
frozenset({'S54'}),frozenset({'S50'}),0.6442857142857142,0.6457142857142857,0.42,0.6518847006651884,1.0095559523575928,1.0,0.003975510204081656,1.0177252047315741,0.026609840723438125,0.4827586206896551,0.017416493813031977,0.6511635892706473
frozenset({'S50'}),frozenset({'S54'}),0.6457142857142857,0.6442857142857142,0.42,0.6504424778761062,1.0095559523575928,1.0,0.003975510204081656,1.017613019891501,0.026717138468290696,0.4827586206896551,0.017308170736041673,0.6511635892706473
frozenset({'S50'}),frozenset({'S55'}),0.6457142857142857,0.6371428571428571,0.4228571428571429,0.6548672566371682,1.0278185642287394,1.0,0.011444897959183742,1.0513553113553116,0.07639494333042765,0.4916943521594684,0.048846770259912305,0.6592721933410056
frozenset({'S55'}),frozenset({'S50'}),0.6371428571428571,0.6457142857142857,0.4228571428571429,0.6636771300448431,1.0278185642287394,1.0,0.011444897959183742,1.053409523809524,0.07459033836986637,0.4916943521594684,0.050701576739476506,0.6592721933410056
frozenset({'S54'}),frozenset({'S51'}),0.6442857142857142,0.61,0.3942857142857143,0.6119733924611974,1.0032350696085204,1.0,0.00127142857142859,1.0050857142857146,0.009065246493219384,0.45847176079734225,0.005059980669737005,0.6291717079402006
frozenset({'S51'}),frozenset({'S54'}),0.61,0.6442857142857142,0.3942857142857143,0.6463700234192038,1.0032350696085204,1.0,0.00127142857142859,1.0058940397350997,0.008268301746562736,0.45847176079734225,0.005859503588123258,0.6291717079402006
frozenset({'S58'}),frozenset({'S52'}),0.6857142857142857,0.6428571428571429,0.44142857142857145,0.64375,1.0013888888888889,1.0,0.000612244897959191,1.0025062656641603,0.0044130626654899025,0.4975845410628019,0.0024999999999999914,0.6652083333333334
frozenset({'S52'}),frozenset({'S58'}),0.6428571428571429,0.6857142857142857,0.44142857142857145,0.6866666666666666,1.0013888888888889,1.0,0.000612244897959191,1.0030395136778114,0.003883495145631115,0.4975845410628019,0.0030303030303029488,0.6652083333333334
frozenset({'S54'}),frozenset({'S53'}),0.6442857142857142,0.6185714285714285,0.4085714285714286,0.6341463414634148,1.0251788430124489,1.0,0.01003469387755107,1.042571428571429,0.06904541241890673,0.4782608695652174,0.040833104960263454,0.6473272123021462
frozenset({'S53'}),frozenset({'S54'}),0.6185714285714285,0.6442857142857142,0.4085714285714286,0.6605080831408776,1.0251788430124487,1.0,0.01003469387755107,1.047784256559767,0.06439066551426134,0.4782608695652174,0.04560505300648337,0.6473272123021462
frozenset({'S53'}),frozenset({'S56'}),0.6185714285714285,0.65,0.4057142857142857,0.6558891454965358,1.0090602238408242,1.0,0.0036428571428571144,1.0171140939597314,0.02354011710713702,0.47019867549668865,0.01682612999010212,0.64003248483618
frozenset({'S56'}),frozenset({'S53'}),0.65,0.6185714285714285,0.4057142857142857,0.6241758241758242,1.0090602238408244,1.0,0.0036428571428571144,1.0149122807017545,0.025653923541247285,0.47019867549668865,0.014693171996542846,0.64003248483618
frozenset({'S54'}),frozenset({'S59'}),0.6442857142857142,0.5157142857142857,0.3385714285714286,0.5254988913525499,1.01897291952018,1.0,0.0063040816326531135,1.0206208277703606,0.05234439869181409,0.4121739130434783,0.020204200432993966,0.5910042933217043
frozenset({'S59'}),frozenset({'S54'}),0.5157142857142857,0.6442857142857142,0.3385714285714286,0.6565096952908588,1.01897291952018,1.0,0.0063040816326531135,1.035587557603687,0.03844765567628823,0.4121739130434783,0.03436460523534611,0.5910042933217043
frozenset({'S57'}),frozenset({'S55'}),0.6557142857142857,0.6371428571428571,0.4228571428571429,0.644880174291939,1.0121437713102182,1.0,0.005073469387755158,1.0217879053461876,0.03484916451721469,0.48604269293924474,0.021323314977784707,0.654278652168391
frozenset({'S55'}),frozenset({'S57'}),0.6371428571428571,0.6557142857142857,0.4228571428571429,0.6636771300448431,1.0121437713102182,1.0,0.005073469387755158,1.0236761904761906,0.03306554586082182,0.48604269293924474,0.023128593491245512,0.654278652168391
frozenset({'S58'}),frozenset({'S59'}),0.6857142857142857,0.5157142857142857,0.37,0.5395833333333333,1.0462834718374885,1.0,0.016367346938775507,1.0518422753716872,0.14075114075114073,0.44501718213058417,0.04928711897738447,0.6285174284395199
frozenset({'S59'}),frozenset({'S58'}),0.5157142857142857,0.6857142857142857,0.37,0.7174515235457064,1.0462834718374885,1.0,0.016367346938775507,1.1123249299719888,0.09134292320133025,0.44501718213058417,0.10098212037270218,0.6285174284395199
